slug,source_C_live,source_C_last_snapshot_date,source_C_snapshot_body_len,source_C_timestamp
crouton,False,2025-03-29 00:00:00+00:00,213.0,2026-04-24T22:49:31.031677+00:00
rulebase,True,2026-03-10 00:00:00+00:00,211.0,2026-04-24T22:49:31.031963+00:00
afternoon-co,True,2026-03-14 00:00:00+00:00,213.0,2026-04-24T22:49:31.031992+00:00
riveter-ai,,,63.0,2026-04-24T22:49:31.030968+00:00
durate,,,60.0,2026-04-24T22:49:31.031708+00:00
telli,,,107.0,2026-04-24T22:49:31.031509+00:00
variant,,,107.0,2026-04-24T22:49:31.030491+00:00
streamable,,,107.0,2026-04-24T22:49:31.031648+00:00
galini,,,107.0,2026-04-24T22:49:31.031000+00:00
getcho,,,107.0,2026-04-24T22:49:31.031831+00:00
gait,,,107.0,2026-04-24T22:49:31.031735+00:00
candle,True,2026-03-12 00:00:00+00:00,220.0,2026-04-24T22:49:31.031796+00:00
openfunnel,True,2026-02-14 00:00:00+00:00,213.0,2026-04-24T22:49:31.031897+00:00
clarus,,,63.0,2026-04-24T22:49:31.030676+00:00
raycaster,,,57.0,2026-04-24T22:49:37.499850+00:00
symphony,,,59.0,2026-04-24T22:49:31.031543+00:00
healthspark,,,68.0,2026-04-24T22:49:31.031937+00:00
avora,,,60.0,2026-04-24T22:49:31.031456+00:00
lightscreen-ai,,,59.0,2026-04-24T22:49:37.499778+00:00
darkgrade,,,58.0,2026-04-24T22:49:31.031864+00:00
zeroframe,,,57.0,2026-04-24T22:49:31.030717+00:00
moonset-health,,,67.0,2026-04-24T22:49:31.031771+00:00
vortexifyai,,,107.0,2026-04-24T22:49:41.488052+00:00
vespper,,,84.0,2026-04-24T22:49:43.143729+00:00
astrix-health,,,66.0,2026-04-24T22:49:43.264573+00:00
sandra-ai,,,62.0,2026-04-24T22:49:43.156849+00:00
supercontrast,,,63.0,2026-04-24T22:49:38.241937+00:00
archil,,,107.0,2026-04-24T22:49:43.198614+00:00
cosmic-new,,,107.0,2026-04-24T22:49:43.218362+00:00
reticular,,,57.0,2026-04-24T22:49:46.191094+00:00
revyl,True,2025-12-09 00:00:00+00:00,205.0,2026-04-24T22:49:41.429844+00:00
issen,,,54.0,2026-04-24T22:49:47.629244+00:00
luthor,,,54.0,2026-04-24T22:49:47.945907+00:00
keye,,,56.0,2026-04-24T22:49:47.937285+00:00
lingodotdev,,,54.0,2026-04-24T22:49:48.061318+00:00
smooth,,,107.0,2026-04-24T22:49:46.701462+00:00
cekura-ai,,,59.0,2026-04-24T22:49:43.217886+00:00
revisiondojo,,,61.0,2026-04-24T22:49:47.641813+00:00
ctgt,True,2026-03-29 00:00:00+00:00,208.0,2026-04-24T22:49:47.804237+00:00
karmen,,,61.0,2026-04-24T22:49:53.348861+00:00
hybrd,,,59.0,2026-04-24T22:49:53.894632+00:00
withcharm,,,58.0,2026-04-24T22:49:53.948460+00:00
riskcube,,,57.0,2026-04-24T22:49:47.809602+00:00
attimet,,,57.0,2026-04-24T22:49:47.583858+00:00
sphinx,,,58.0,2026-04-24T22:49:47.953942+00:00
unusual,,,55.0,2026-04-24T22:49:55.471635+00:00
stewdio,,,59.0,2026-04-24T22:49:56.053757+00:00
pearson-labs,,,62.0,2026-04-24T22:49:56.479725+00:00
vly-ai-2,,,51.0,2026-04-24T22:49:56.589907+00:00
autocomputer,,,65.0,2026-04-24T22:49:58.251623+00:00
moonshine,,,61.0,2026-04-24T22:49:58.417775+00:00
dexter,,,62.0,2026-04-24T22:49:58.802695+00:00
permitportal,True,2026-02-10 00:00:00+00:00,224.0,2026-04-24T22:50:02.904821+00:00
gecko-security,True,2026-03-09 00:00:00+00:00,217.0,2026-04-24T22:50:02.846217+00:00
codebuff,,,57.0,2026-04-24T22:49:53.817571+00:00
curo,,,66.0,2026-04-24T22:50:01.331233+00:00
platus,,,59.0,2026-04-24T22:49:56.038189+00:00
tiny,,,56.0,2026-04-24T22:49:57.870886+00:00
origami-2,,,58.0,2026-04-24T22:50:04.259900+00:00
collectwise,,,61.0,2026-04-24T22:50:04.409588+00:00
innate,,,55.0,2026-04-24T22:50:04.909293+00:00
capy,,,52.0,2026-04-24T22:50:04.888530+00:00
crustdata,,,58.0,2026-04-24T22:49:58.227414+00:00
consus,,,58.0,2026-04-24T22:50:04.690996+00:00
alex,,,58.0,2026-04-24T22:50:06.385733+00:00
browserbook,,,64.0,2026-04-24T22:50:06.952680+00:00
metreecs,True,2026-02-22 00:00:00+00:00,217.0,2026-04-24T22:50:08.626952+00:00
sunset,,,65.0,2026-04-24T22:50:09.615400+00:00
fresco,,,59.0,2026-04-24T22:50:03.761925+00:00
revi,,,107.0,2026-04-24T22:50:08.745600+00:00
archilabs,,,107.0,2026-04-24T22:50:09.094729+00:00
edgedive,,,107.0,2026-04-24T22:50:10.510424+00:00
ryvn,True,2026-03-08 00:00:00+00:00,199.0,2026-04-24T22:50:15.091586+00:00
gander,True,2025-12-01 00:00:00+00:00,211.0,2026-04-24T22:50:06.176758+00:00
futureclinic,,,107.0,2026-04-24T22:50:11.661847+00:00
diffusion-studio,,,62.0,2026-04-24T22:50:06.977572+00:00
vaya,,,56.0,2026-04-24T22:50:14.857338+00:00
x1,,,55.0,2026-04-24T22:50:14.767705+00:00
melder,,,54.0,2026-04-24T22:50:14.920173+00:00
friday,,,58.0,2026-04-24T22:50:15.272853+00:00
sre-ai,,,51.0,2026-04-24T22:50:15.110504+00:00
relvy-ai,,,57.0,2026-04-24T22:50:16.091021+00:00
surge,,,54.0,2026-04-24T22:50:09.963251+00:00
ember,,,64.0,2026-04-24T22:50:16.975673+00:00
canvas,,,60.0,2026-04-24T22:50:17.484035+00:00
forerunner-ai,,,62.0,2026-04-24T22:50:12.773785+00:00
loombotic,True,2025-12-15 00:00:00+00:00,215.0,2026-04-24T22:50:20.650375+00:00
roundabout-technologies,,,60.0,2026-04-24T22:50:20.614921+00:00
synth-3,,,60.0,2026-04-24T22:50:20.013019+00:00
asha-health,True,2025-11-29 00:00:00+00:00,211.0,2026-04-24T22:50:22.772785+00:00
parametric,True,2026-03-14 00:00:00+00:00,226.0,2026-04-24T22:50:25.556279+00:00
apolink,,,58.0,2026-04-24T22:50:22.695264+00:00
openbuilder,,,64.0,2026-04-24T22:50:23.006953+00:00
careforce,,,58.0,2026-04-24T22:50:18.155117+00:00
fifth-door,,,58.0,2026-04-24T22:50:25.143730+00:00
autonomous-technologies-group,,,66.0,2026-04-24T22:50:25.195788+00:00
null-labs,,,55.0,2026-04-24T22:50:25.619408+00:00
nori,,,52.0,2026-04-24T22:50:26.239164+00:00
prox,,,107.0,2026-04-24T22:50:25.215058+00:00
humanlayer,,,59.0,2026-04-24T22:50:21.064119+00:00
mixy,,,56.0,2026-04-24T22:50:27.529429+00:00
remedy,True,2026-03-09 00:00:00+00:00,216.0,2026-04-24T22:50:31.280492+00:00
digipals,,,62.0,2026-04-24T22:50:28.014573+00:00
efference,,,57.0,2026-04-24T22:50:29.856042+00:00
goldbridge,,,71.0,2026-04-24T22:50:23.792432+00:00
lapis,,,62.0,2026-04-24T22:50:29.934008+00:00
piggy-robotics,,,62.0,2026-04-24T22:50:24.087496+00:00
uplane,True,2026-03-08 00:00:00+00:00,205.0,2026-04-24T22:50:33.210156+00:00
semiotic,,,56.0,2026-04-24T22:50:31.169008+00:00
brickanta,,,62.0,2026-04-24T22:50:31.329016+00:00
aircaps,,,56.0,2026-04-24T22:50:32.997873+00:00
fernstone,,,62.0,2026-04-24T22:50:26.820369+00:00
parse-bot,,,54.0,2026-04-24T22:50:34.953518+00:00
parrot,,,59.0,2026-04-24T22:50:35.678231+00:00
movedot,,,60.0,2026-04-24T22:50:36.050110+00:00
zavo,,,56.0,2026-04-24T22:50:36.614504+00:00
sylvian,,,107.0,2026-04-24T22:50:37.091252+00:00
bolna-ai,,,107.0,2026-04-24T22:50:38.296202+00:00
structured-ai,,,66.0,2026-04-24T22:50:33.429716+00:00
deeptrace,,,59.0,2026-04-24T22:50:40.337983+00:00
aspect-inc,,,55.0,2026-04-24T22:50:40.211340+00:00
alt-x,,,53.0,2026-04-24T22:50:41.103575+00:00
sorce,,,55.0,2026-04-24T22:50:41.519518+00:00
the-context-company,,,63.0,2026-04-24T22:50:41.718340+00:00
brickwise,,,64.0,2026-04-24T22:50:35.605465+00:00
caddy,,,107.0,2026-04-24T22:50:41.300999+00:00
lunavo,,,54.0,2026-04-24T22:50:43.682925+00:00
dari,,,56.0,2026-04-24T22:50:43.666669+00:00
hyperspell,,,59.0,2026-04-24T22:50:38.311209+00:00
scoop,,,57.0,2026-04-24T22:50:38.421145+00:00
gpt,,,56.0,2026-04-24T22:50:38.295171+00:00
norra,,,57.0,2026-04-24T22:50:45.424406+00:00
kaigo-health,,,64.0,2026-04-24T22:50:46.144140+00:00
koyal,,,53.0,2026-04-24T22:50:46.361973+00:00
veria-labs,True,2026-03-21 00:00:00+00:00,211.0,2026-04-24T22:50:50.218119+00:00
locus,,,61.0,2026-04-24T22:50:40.536631+00:00
playvision,,,107.0,2026-04-24T22:50:47.018698+00:00
questom,,,59.0,2026-04-24T22:50:50.272086+00:00
hypercubic,,,63.0,2026-04-24T22:50:50.724349+00:00
cranston-ai,,,64.0,2026-04-24T22:50:50.654603+00:00
nessie,,,60.0,2026-04-24T22:50:51.358075+00:00
lakonia,True,2026-02-16 00:00:00+00:00,217.0,2026-04-24T22:50:55.406880+00:00
wardstone,,,107.0,2026-04-24T22:50:51.855048+00:00
sellraze,True,2026-03-14 00:00:00+00:00,213.0,2026-04-24T22:50:55.255072+00:00
hillclimb,,,107.0,2026-04-24T22:50:52.494274+00:00
flick,,,107.0,2026-04-24T22:50:53.447943+00:00
nivara,,,58.0,2026-04-24T22:50:55.456954+00:00
answerthis,,,59.0,2026-04-24T22:50:55.723780+00:00
iriscal,,,58.0,2026-04-24T22:50:49.169728+00:00
sf-tensor,,,58.0,2026-04-24T22:50:56.436441+00:00
unsiloed-ai,,,61.0,2026-04-24T22:50:56.927586+00:00
allus-ai,,,53.0,2026-04-24T22:50:57.282749+00:00
atlasgrid,,,57.0,2026-04-24T22:50:52.129395+00:00
sciloop,,,56.0,2026-04-24T22:50:59.184103+00:00
semble-ai,,,61.0,2026-04-24T22:50:53.692584+00:00
logosguard,,,60.0,2026-04-24T22:51:00.579031+00:00
mod-ai,,,54.0,2026-04-24T22:50:54.206614+00:00
kestrel-ai,,,59.0,2026-04-24T22:51:00.865613+00:00
agentic-fabriq,,,66.0,2026-04-24T22:51:01.535007+00:00
logical,,,58.0,2026-04-24T22:51:02.149048+00:00
articulate,,,62.0,2026-04-24T22:51:03.990738+00:00
multifactor,True,2026-04-04 00:00:00+00:00,215.0,2026-04-24T22:50:57.638523+00:00
aleph-lab,,,56.0,2026-04-24T22:51:03.989694+00:00
captain,,,59.0,2026-04-24T22:51:05.086024+00:00
sunflower,,,64.0,2026-04-24T22:51:05.698616+00:00
bravi,,,59.0,2026-04-24T22:51:06.043091+00:00
rovr,,,62.0,2026-04-24T22:51:05.969657+00:00
complydo,,,61.0,2026-04-24T22:51:06.932556+00:00
casey,True,2026-03-11 00:00:00+00:00,214.0,2026-04-24T22:51:10.560267+00:00
tensr,,,55.0,2026-04-24T22:51:00.966785+00:00
compyle,True,2026-02-14 00:00:00+00:00,209.0,2026-04-24T22:51:09.369244+00:00
redapto,,,61.0,2026-04-24T22:51:04.227335+00:00
inspector,,,65.0,2026-04-24T22:51:11.124559+00:00
thesis,,,58.0,2026-04-24T22:51:11.120954+00:00
cortex-ai,,,60.0,2026-04-24T22:51:11.840772+00:00
pixley-ai,,,57.0,2026-04-24T22:51:12.582658+00:00
lexi,True,2026-03-12 00:00:00+00:00,210.0,2026-04-24T22:51:07.609962+00:00
codyco,True,2026-02-13 00:00:00+00:00,217.0,2026-04-24T22:51:07.263851+00:00
imagine-ai,True,2026-02-15 00:00:00+00:00,213.0,2026-04-24T22:51:16.535414+00:00
s2-dev,,,51.0,2026-04-24T22:51:15.382609+00:00
expected-parrot,True,2026-03-13 00:00:00+00:00,225.0,2026-04-24T22:51:17.312437+00:00
everest,True,2026-03-08 00:00:00+00:00,230.0,2026-04-24T22:51:17.875067+00:00
selfin,,,55.0,2026-04-24T22:51:09.515215+00:00
patent-watch,,,64.0,2026-04-24T22:51:16.319019+00:00
anto-biosciences,,,58.0,2026-04-24T22:51:16.470421+00:00
play-health,,,58.0,2026-04-24T22:51:10.895296+00:00
aside,,,57.0,2026-04-24T22:51:19.481013+00:00
leadbay,True,2026-03-11 00:00:00+00:00,210.0,2026-04-24T22:51:14.424036+00:00
nucleo,True,2026-02-18 00:00:00+00:00,222.0,2026-04-24T22:51:14.428741+00:00
tornyol,,,57.0,2026-04-24T22:51:14.450036+00:00
hireglide,,,62.0,2026-04-24T22:51:21.341414+00:00
zalos,,,58.0,2026-04-24T22:51:21.552642+00:00
sourcebot,,,63.0,2026-04-24T22:51:21.648434+00:00
specific,True,2026-03-19 00:00:00+00:00,209.0,2026-04-24T22:51:25.849413+00:00
spatial-ai,,,60.0,2026-04-24T22:51:22.341244+00:00
lua-global-inc,,,55.0,2026-04-24T22:51:22.923968+00:00
crunched,,,61.0,2026-04-24T22:51:23.887497+00:00
usenarrative,,,68.0,2026-04-24T22:51:24.295541+00:00
scott-ai,,,56.0,2026-04-24T22:51:18.033016+00:00
primer,,,64.0,2026-04-24T22:51:25.432941+00:00
clad-labs,,,56.0,2026-04-24T22:51:25.998937+00:00
absurd,,,56.0,2026-04-24T22:51:26.533586+00:00
metorial,,,57.0,2026-04-24T22:51:26.996054+00:00
kalpa-labs,,,58.0,2026-04-24T22:51:26.665836+00:00
arcten,,,55.0,2026-04-24T22:51:27.933068+00:00
uselemma,True,2026-03-13 00:00:00+00:00,216.0,2026-04-24T22:51:31.958891+00:00
denki,,,53.0,2026-04-24T22:51:29.779711+00:00
savahq,,,59.0,2026-04-24T22:51:30.219576+00:00
rovi-health,True,2026-02-16 00:00:00+00:00,215.0,2026-04-24T22:51:33.347519+00:00
karumi,,,59.0,2026-04-24T22:51:31.858578+00:00
exonic,,,54.0,2026-04-24T22:51:31.996508+00:00
automax-ai,,,55.0,2026-04-24T22:51:25.958263+00:00
castari,,,56.0,2026-04-24T22:51:32.811277+00:00
bluma,True,2026-03-24 00:00:00+00:00,217.0,2026-04-24T22:51:37.286262+00:00
miniswap,,,57.0,2026-04-24T22:51:34.429974+00:00
lightberry,True,2026-02-07 00:00:00+00:00,213.0,2026-04-24T22:51:37.017245+00:00
freeport-markets,,,69.0,2026-04-24T22:51:34.714636+00:00
boom-ai,True,2026-03-10 00:00:00+00:00,209.0,2026-04-24T22:51:35.157130+00:00
forge-robotics,True,2026-03-12 00:00:00+00:00,221.0,2026-04-24T22:51:37.293428+00:00
amera,True,2026-03-07 00:00:00+00:00,238.0,2026-04-24T22:51:38.177756+00:00
telemetron-ai,,,63.0,2026-04-24T22:51:35.901971+00:00
the-hog,,,55.0,2026-04-24T22:51:36.461978+00:00
icarus,,,60.0,2026-04-24T22:51:30.273972+00:00
mantle,,,60.0,2026-04-24T22:51:31.910960+00:00
diligencesquared-inc,,,66.0,2026-04-24T22:51:39.195305+00:00
jarmin,True,2026-03-09 00:00:00+00:00,208.0,2026-04-24T22:51:32.519961+00:00
dome,True,2026-03-11 00:00:00+00:00,205.0,2026-04-24T22:51:43.455591+00:00
velvet,,,57.0,2026-04-24T22:51:40.265456+00:00
lunabill,True,2026-01-21 00:00:00+00:00,210.0,2026-04-24T22:51:41.484577+00:00
axial-composites-industries,,,67.0,2026-04-24T22:51:40.493642+00:00
rivet-design,True,2026-03-08 00:00:00+00:00,210.0,2026-04-24T22:51:45.656079+00:00
bear,True,2026-03-10 00:00:00+00:00,209.0,2026-04-24T22:51:45.180032+00:00
claybird,,,58.0,2026-04-24T22:51:42.447106+00:00
clicks,,,57.0,2026-04-24T22:51:43.138890+00:00
mayflower,True,2026-03-07 00:00:00+00:00,219.0,2026-04-24T22:51:46.797708+00:00
markit,,,60.0,2026-04-24T22:51:44.434878+00:00
zarna,,,61.0,2026-04-24T22:51:44.794278+00:00
moss,,,56.0,2026-04-24T22:51:44.935556+00:00
jsx-tool,True,2026-03-08 00:00:00+00:00,207.0,2026-04-24T22:51:48.750607+00:00
fixpoint,,,57.0,2026-04-24T22:51:45.347667+00:00
openroll,,,61.0,2026-04-24T22:51:45.456436+00:00
item,,,53.0,2026-04-24T22:51:46.442313+00:00
zephyr-fusion,,,65.0,2026-04-24T22:51:46.882123+00:00
fastshot,,,61.0,2026-04-24T22:51:42.496718+00:00
leeroo,,,60.0,2026-04-24T22:51:49.358144+00:00
willow,,,61.0,2026-04-24T22:51:50.203116+00:00
aviro,,,58.0,2026-04-24T22:51:50.550226+00:00
partcl,,,56.0,2026-04-24T22:51:50.725491+00:00
opine,,,59.0,2026-04-24T22:51:50.727282+00:00
atlog,,,53.0,2026-04-24T22:51:51.316111+00:00
blaxel,,,54.0,2026-04-24T22:51:52.186258+00:00
qfex,True,2026-03-09 00:00:00+00:00,205.0,2026-04-24T22:51:52.745222+00:00
frekil,,,59.0,2026-04-24T22:51:54.183517+00:00
bitboard,True,2026-03-06 00:00:00+00:00,216.0,2026-04-24T22:51:55.607824+00:00
chestnut,,,107.0,2026-04-24T22:51:53.581224+00:00
vybe,,,59.0,2026-04-24T22:51:55.137207+00:00
aravolta,,,62.0,2026-04-24T22:51:55.129015+00:00
nao-labs,,,55.0,2026-04-24T22:51:55.599136+00:00
atum-works,,,56.0,2026-04-24T22:51:49.559476+00:00
kashikoi,,,107.0,2026-04-24T22:51:55.115226+00:00
plexe,,,107.0,2026-04-24T22:51:54.815344+00:00
notus-autonomous-systems,,,65.0,2026-04-24T22:51:57.153077+00:00
golf,True,2026-03-14 00:00:00+00:00,206.0,2026-04-24T22:51:56.318309+00:00
cubic,,,55.0,2026-04-24T22:51:59.310422+00:00
neoncoral,True,2025-11-29 00:00:00+00:00,209.0,2026-04-24T22:52:04.578390+00:00
bloom-4,,,55.0,2026-04-24T22:51:59.689581+00:00
avallon-ai,,,60.0,2026-04-24T22:52:00.659766+00:00
minerva,,,62.0,2026-04-24T22:52:01.109473+00:00
claim-health,True,2026-04-02 00:00:00+00:00,223.0,2026-04-24T22:52:06.090932+00:00
auctor,,,58.0,2026-04-24T22:52:05.044236+00:00
acolite,,,55.0,2026-04-24T22:52:05.431331+00:00
ralo,,,58.0,2026-04-24T22:52:05.394978+00:00
capacitive,,,59.0,2026-04-24T22:52:05.665819+00:00
almond-2,,,56.0,2026-04-24T22:52:06.543821+00:00
groundcontrol,,,66.0,2026-04-24T22:52:00.708172+00:00
kanava-ai,,,55.0,2026-04-24T22:52:00.810381+00:00
cua,,,51.0,2026-04-24T22:52:01.441916+00:00
the-robot-learning-company,,,67.0,2026-04-24T22:52:07.791342+00:00
helixdb,,,107.0,2026-04-24T22:52:07.036404+00:00
beluga,True,2026-03-11 00:00:00+00:00,218.0,2026-04-24T22:52:10.252576+00:00
synthiolabs,,,61.0,2026-04-24T22:52:02.611623+00:00
dolphin,,,60.0,2026-04-24T22:52:09.691406+00:00
galen-ai,,,61.0,2026-04-24T22:52:03.180398+00:00
kaelio,,,56.0,2026-04-24T22:52:10.223233+00:00
clarm,,,58.0,2026-04-24T22:52:11.007046+00:00
sim,,,51.0,2026-04-24T22:52:11.407567+00:00
chonkie,,,59.0,2026-04-24T22:52:07.019931+00:00
youlearn,True,2026-03-08 00:00:00+00:00,216.0,2026-04-24T22:52:15.616490+00:00
zeon-systems,,,64.0,2026-04-24T22:52:08.812124+00:00
stratify,,,64.0,2026-04-24T22:52:15.102045+00:00
typeos,,,55.0,2026-04-24T22:52:15.767180+00:00
percival,,,55.0,2026-04-24T22:52:15.776488+00:00
mbodi-ai,,,58.0,2026-04-24T22:52:16.000598+00:00
kirana-ai,,,62.0,2026-04-24T22:52:16.807176+00:00
the-llm-data-company,True,2026-04-19 00:00:00+00:00,216.0,2026-04-24T22:52:20.406794+00:00
caucus,,,63.0,2026-04-24T22:52:17.529969+00:00
pgdog,,,54.0,2026-04-24T22:52:17.839808+00:00
jeevy-fabrication,True,2026-03-11 00:00:00+00:00,230.0,2026-04-24T22:52:21.992218+00:00
attune,True,2026-03-09 00:00:00+00:00,213.0,2026-04-24T22:52:18.265500+00:00
kestral,,,57.0,2026-04-24T22:52:18.283695+00:00
bluejay,,,59.0,2026-04-24T22:52:18.760102+00:00
parsewise,,,57.0,2026-04-24T22:52:19.669072+00:00
tinfoil,,,55.0,2026-04-24T22:52:20.458104+00:00
refresh,,,60.0,2026-04-24T22:52:20.105785+00:00
chiron,,,62.0,2026-04-24T22:52:23.915179+00:00
voiceos,,,56.0,2026-04-24T22:52:25.187681+00:00
sixtyfour,,,62.0,2026-04-24T22:52:26.138954+00:00
better-auth,,,61.0,2026-04-24T22:52:19.293316+00:00
habit,True,2026-02-11 00:00:00+00:00,223.0,2026-04-24T22:52:28.331802+00:00
kaizen,True,2026-03-20 00:00:00+00:00,229.0,2026-04-24T22:52:28.495600+00:00
labric,,,54.0,2026-04-24T22:52:27.115125+00:00
clado,,,107.0,2026-04-24T22:52:25.961796+00:00
tegore,,,107.0,2026-04-24T22:52:26.079352+00:00
opusense-ai,,,62.0,2026-04-24T22:52:27.859547+00:00
trapeze,,,66.0,2026-04-24T22:52:21.410760+00:00
clidey,,,55.0,2026-04-24T22:52:28.033166+00:00
ticket-wallet,,,65.0,2026-04-24T22:52:28.574468+00:00
nomi,True,2026-03-11 00:00:00+00:00,203.0,2026-04-24T22:52:30.011173+00:00
runrl,,,54.0,2026-04-24T22:52:28.867807+00:00
casco,,,54.0,2026-04-24T22:52:30.872914+00:00
morphik,True,2026-04-04 00:00:00+00:00,209.0,2026-04-24T22:52:29.315688+00:00
crimson,,,56.0,2026-04-24T22:52:31.619142+00:00
cleon,True,2026-02-07 00:00:00+00:00,207.0,2026-04-24T22:52:36.568699+00:00
combinely,,,57.0,2026-04-24T22:52:25.947649+00:00
theta,True,2026-03-24 00:00:00+00:00,219.0,2026-04-24T22:52:37.127044+00:00
photonium,,,69.0,2026-04-24T22:52:26.447062+00:00
flott-hq,,,60.0,2026-04-24T22:52:34.486588+00:00
lucis,,,59.0,2026-04-24T22:52:35.738918+00:00
throxy,,,56.0,2026-04-24T22:52:36.462708+00:00
human-behavior,True,2026-03-09 00:00:00+00:00,226.0,2026-04-24T22:52:38.302353+00:00
lyrahq,,,53.0,2026-04-24T22:52:37.049742+00:00
prism,,,61.0,2026-04-24T22:52:37.887175+00:00
novoflow,,,61.0,2026-04-24T22:52:37.425449+00:00
qualgent,,,67.0,2026-04-24T22:52:37.998258+00:00
alkali,,,63.0,2026-04-24T22:52:38.402866+00:00
besimple-ai,,,56.0,2026-04-24T22:52:38.529838+00:00
jazzberry,,,57.0,2026-04-24T22:52:38.824499+00:00
powermatrix,,,58.0,2026-04-24T22:52:38.945972+00:00
third-chair,,,62.0,2026-04-24T22:52:41.291439+00:00
sygaldry-technologies,True,2026-04-21 00:00:00+00:00,213.0,2026-04-24T22:52:42.236815+00:00
paraquery,,,58.0,2026-04-24T22:52:42.034661+00:00
boost-robotics,True,2026-03-09 00:00:00+00:00,225.0,2026-04-24T22:52:43.138819+00:00
klavis-ai,,,59.0,2026-04-24T22:52:41.791325+00:00
vassar-robotics,True,2026-03-05 00:00:00+00:00,225.0,2026-04-24T22:52:43.310943+00:00
morphoai,,,55.0,2026-04-24T22:52:43.412910+00:00
hemut,True,2026-03-07 00:00:00+00:00,212.0,2026-04-24T22:52:48.203869+00:00
scalar-field,,,64.0,2026-04-24T22:52:45.871038+00:00
eloquent-ai,,,107.0,2026-04-24T22:52:45.100555+00:00
vesence,,,56.0,2026-04-24T22:52:39.202518+00:00
valuemate,True,2026-03-09 00:00:00+00:00,209.0,2026-04-24T22:52:47.321208+00:00
saffron-health,,,63.0,2026-04-24T22:52:46.811789+00:00
mindfort,True,2026-03-12 00:00:00+00:00,215.0,2026-04-24T22:52:51.742881+00:00
rimba,True,2026-03-07 00:00:00+00:00,205.0,2026-04-24T22:52:52.455579+00:00
moby-analytics,True,2026-03-07 00:00:00+00:00,228.0,2026-04-24T22:52:52.505282+00:00
adentris,True,2026-01-21 00:00:00+00:00,213.0,2026-04-24T22:52:52.419544+00:00
mesmer,,,54.0,2026-04-24T22:52:48.688226+00:00
relixir,,,55.0,2026-04-24T22:52:48.681725+00:00
chrt,,,53.0,2026-04-24T22:52:49.426018+00:00
janus,True,2026-03-14 00:00:00+00:00,220.0,2026-04-24T22:52:48.354576+00:00
nimbic-ai,True,2026-03-11 00:00:00+00:00,211.0,2026-04-24T22:52:52.646529+00:00
zero,True,2026-04-20 00:00:00+00:00,199.0,2026-04-24T22:52:48.139103+00:00
delty,,,53.0,2026-04-24T22:52:53.522092+00:00
bramante-biologics,,,64.0,2026-04-24T22:52:46.925142+00:00
cotool,,,54.0,2026-04-24T22:52:54.164021+00:00
lapel,,,55.0,2026-04-24T22:52:48.896163+00:00
probo,True,2026-03-05 00:00:00+00:00,218.0,2026-04-24T22:52:52.165384+00:00
theorem-2,True,2026-04-22 00:00:00+00:00,207.0,2026-04-24T22:52:59.232047+00:00
propolis,,,59.0,2026-04-24T22:52:56.215907+00:00
sieveai,True,2026-03-08 00:00:00+00:00,214.0,2026-04-24T22:53:01.125739+00:00
lumari,,,59.0,2026-04-24T22:52:57.264730+00:00
blueshoe,True,2026-01-12 00:00:00+00:00,213.0,2026-04-24T22:53:01.306504+00:00
code-four,,,57.0,2026-04-24T22:52:57.355632+00:00
starsling,True,2026-03-19 00:00:00+00:00,220.0,2026-04-24T22:52:58.659228+00:00
linewise,,,61.0,2026-04-24T22:52:57.877339+00:00
oncactus,,,57.0,2026-04-24T22:52:58.163803+00:00
cascade-space,True,2026-03-08 00:00:00+00:00,211.0,2026-04-24T22:53:03.400281+00:00
text-ai,,,57.0,2026-04-24T22:52:59.099782+00:00
den,True,2026-03-14 00:00:00+00:00,203.0,2026-04-24T22:52:56.957312+00:00
airweave,,,56.0,2026-04-24T22:52:59.664094+00:00
bond,True,2026-03-10 00:00:00+00:00,210.0,2026-04-24T22:53:02.797365+00:00
sureform,True,2026-03-08 00:00:00+00:00,222.0,2026-04-24T22:53:06.067170+00:00
aegis,,,60.0,2026-04-24T22:53:03.493545+00:00
mlop,,,52.0,2026-04-24T22:52:56.987263+00:00
overeasy,True,2026-01-24 00:00:00+00:00,208.0,2026-04-24T22:53:08.243187+00:00
bitpatrol,,,62.0,2026-04-24T22:53:04.364668+00:00
poka-labs,True,2026-03-13 00:00:00+00:00,218.0,2026-04-24T22:53:07.648950+00:00
wavedash,,,57.0,2026-04-24T22:52:58.596121+00:00
foundation-industries,,,75.0,2026-04-24T22:53:05.591221+00:00
godela,,,53.0,2026-04-24T22:53:05.576085+00:00
acx,True,2026-03-07 00:00:00+00:00,232.0,2026-04-24T22:53:08.557458+00:00
docket,,,57.0,2026-04-24T22:53:06.408559+00:00
simplex,True,2026-03-11 00:00:00+00:00,209.0,2026-04-24T22:53:07.684205+00:00
central,,,58.0,2026-04-24T22:53:07.859354+00:00
fuse-2,,,63.0,2026-04-24T22:53:07.865198+00:00
ultra,True,2026-04-10 00:00:00+00:00,209.0,2026-04-24T22:53:13.220213+00:00
ligo-biosciences,,,57.0,2026-04-24T22:53:09.088849+00:00
spur,,,62.0,2026-04-24T22:53:09.542762+00:00
coval,,,54.0,2026-04-24T22:53:10.020109+00:00
evolvere-biosciences,,,73.0,2026-04-24T22:53:09.910198+00:00
angstrom-ai,,,64.0,2026-04-24T22:53:10.130728+00:00
roger-2,True,2026-04-14 00:00:00+00:00,215.0,2026-04-24T22:53:13.568557+00:00
abel-police,True,2026-01-13 00:00:00+00:00,212.0,2026-04-24T22:53:13.422352+00:00
apten,True,2026-03-08 00:00:00+00:00,210.0,2026-04-24T22:53:14.913260+00:00
glasskube,True,2026-03-30 00:00:00+00:00,202.0,2026-04-24T22:53:18.258347+00:00
cohesive,,,62.0,2026-04-24T22:53:07.126435+00:00
miru-ml,,,59.0,2026-04-24T22:53:14.280250+00:00
spherecast,,,63.0,2026-04-24T22:53:14.368861+00:00
domu-technology-inc,True,2026-03-23 00:00:00+00:00,204.0,2026-04-24T22:53:15.218733+00:00
undermind,,,61.0,2026-04-24T22:53:15.393983+00:00
superunit,,,107.0,2026-04-24T22:53:15.604755+00:00
doublezero,,,60.0,2026-04-24T22:53:16.381468+00:00
pre,True,2026-03-08 00:00:00+00:00,221.0,2026-04-24T22:53:21.810596+00:00
cheers,,,60.0,2026-04-24T22:53:17.929986+00:00
theseus,,,55.0,2026-04-24T22:53:19.322319+00:00
synnax,,,64.0,2026-04-24T22:53:19.586077+00:00
comfy-deploy,,,60.0,2026-04-24T22:53:20.081677+00:00
educato,,,61.0,2026-04-24T22:53:20.132817+00:00
spaceium-inc,,,57.0,2026-04-24T22:53:20.083391+00:00
saphira-ai,,,55.0,2026-04-24T22:53:19.131328+00:00
prohostai,True,2026-02-15 00:00:00+00:00,210.0,2026-04-24T22:53:20.241980+00:00
entangl,True,2026-03-10 00:00:00+00:00,212.0,2026-04-24T22:53:24.659846+00:00
hamming-ai,,,56.0,2026-04-24T22:53:24.078449+00:00
understood-care,,,63.0,2026-04-24T22:53:16.983071+00:00
claimsorted,,,60.0,2026-04-24T22:53:24.644492+00:00
mem0,,,52.0,2026-04-24T22:53:18.257407+00:00
random-labs,,,58.0,2026-04-24T22:53:26.052825+00:00
sagecare,True,2026-03-13 00:00:00+00:00,211.0,2026-04-24T22:53:30.430754+00:00
videogen,True,2026-02-27 00:00:00+00:00,207.0,2026-04-24T22:53:31.381772+00:00
codes-health,True,2026-01-19 00:00:00+00:00,230.0,2026-04-24T22:53:24.760935+00:00
stack-auth,True,2026-03-19 00:00:00+00:00,213.0,2026-04-24T22:53:30.430791+00:00
digitalcarbon,,,65.0,2026-04-24T22:53:27.581239+00:00
flyflow,,,55.0,2026-04-24T22:53:27.920126+00:00
bayesline,,,58.0,2026-04-24T22:53:27.771995+00:00
mdhub,True,2026-03-07 00:00:00+00:00,210.0,2026-04-24T22:53:24.602688+00:00
unsloth-ai,True,2026-04-20 00:00:00+00:00,206.0,2026-04-24T22:53:25.054577+00:00
invaria,,,56.0,2026-04-24T22:53:29.738114+00:00
phonely,True,2026-03-14 00:00:00+00:00,209.0,2026-04-24T22:53:32.467487+00:00
maitai,True,2026-02-10 00:00:00+00:00,211.0,2026-04-24T22:53:34.164000+00:00
tabula,True,2026-04-01 00:00:00+00:00,207.0,2026-04-24T22:53:29.635284+00:00
ideate-xyz,True,2025-11-30 00:00:00+00:00,205.0,2026-04-24T22:53:35.712856+00:00
decisional-ai,True,2026-03-31 00:00:00+00:00,218.0,2026-04-24T22:53:36.571508+00:00
stardrift,True,2026-04-18 00:00:00+00:00,209.0,2026-04-24T22:53:36.547290+00:00
azalea-robotics-corporation,True,2026-03-13 00:00:00+00:00,226.0,2026-04-24T22:53:37.211018+00:00
corgi-insurance,,,57.0,2026-04-24T22:53:33.747924+00:00
sorcerer,,,59.0,2026-04-24T22:53:34.439663+00:00
wordware,,,57.0,2026-04-24T22:53:34.431345+00:00
callback,,,59.0,2026-04-24T22:53:28.387661+00:00
firstwork,,,58.0,2026-04-24T22:53:35.490920+00:00
cloudglue,True,2025-11-25 00:00:00+00:00,211.0,2026-04-24T22:53:39.641791+00:00
retrofix,,,61.0,2026-04-24T22:53:37.438698+00:00
unbound,,,59.0,2026-04-24T22:53:37.901075+00:00
hyrex,,,57.0,2026-04-24T22:53:37.984181+00:00
networkocean,,,61.0,2026-04-24T22:53:38.430256+00:00
rewbi,,,59.0,2026-04-24T22:53:39.882428+00:00
proxis,,,59.0,2026-04-24T22:53:40.455781+00:00
zuni,,,53.0,2026-04-24T22:53:40.606066+00:00
deepsim-inc,,,59.0,2026-04-24T22:53:42.516084+00:00
joinlore,,,58.0,2026-04-24T22:53:47.459193+00:00
storia-ai,,,54.0,2026-04-24T22:53:42.705437+00:00
offstream,,,66.0,2026-04-24T22:53:42.854304+00:00
snowpilot,True,2025-11-11 00:00:00+00:00,219.0,2026-04-24T22:53:47.842399+00:00
dodo,,,61.0,2026-04-24T22:53:43.766759+00:00
silurian,,,57.0,2026-04-24T22:53:38.428028+00:00
ares-industries,,,63.0,2026-04-24T22:53:44.569579+00:00
runlocal-ai,,,56.0,2026-04-24T22:53:45.094546+00:00
codeviz,,,60.0,2026-04-24T22:53:45.397314+00:00
parahelp,,,58.0,2026-04-24T22:53:45.460444+00:00
elevate-2,True,2026-03-13 00:00:00+00:00,218.0,2026-04-24T22:53:43.495947+00:00
lucible,True,2026-03-06 00:00:00+00:00,215.0,2026-04-24T22:53:43.677703+00:00
minusx,,,54.0,2026-04-24T22:53:48.602872+00:00
scape,,,54.0,2026-04-24T22:53:41.826055+00:00
camfer,,,60.0,2026-04-24T22:53:48.628540+00:00
tivara,,,55.0,2026-04-24T22:53:48.742356+00:00
dench-com,True,2026-03-08 00:00:00+00:00,207.0,2026-04-24T22:53:53.097892+00:00
pulse-3,True,2026-03-04 00:00:00+00:00,218.0,2026-04-24T22:53:54.078594+00:00
tandem-2,True,2026-03-12 00:00:00+00:00,210.0,2026-04-24T22:53:50.522130+00:00
ledgerup,True,2026-02-12 00:00:00+00:00,212.0,2026-04-24T22:53:55.009100+00:00
kenley,,,55.0,2026-04-24T22:53:50.073205+00:00
weave-robotics,,,64.0,2026-04-24T22:53:50.884603+00:00
lighthouz-ai,True,2026-03-11 00:00:00+00:00,210.0,2026-04-24T22:53:55.346843+00:00
autopallet-robotics,True,2026-03-11 00:00:00+00:00,213.0,2026-04-24T22:53:53.234396+00:00
mito-health,True,2026-04-20 00:00:00+00:00,214.0,2026-04-24T22:53:55.350699+00:00
fazeshift,True,2026-04-02 00:00:00+00:00,220.0,2026-04-24T22:53:58.738238+00:00
gauge,,,58.0,2026-04-24T22:53:52.856001+00:00
aminoanalytica,,,67.0,2026-04-24T22:53:53.054336+00:00
kastle,True,2026-03-13 00:00:00+00:00,208.0,2026-04-24T22:54:00.014122+00:00
plume,,,63.0,2026-04-24T22:53:54.208855+00:00
panora,True,2026-04-20 00:00:00+00:00,211.0,2026-04-24T22:54:00.980318+00:00
dmodel,,,58.0,2026-04-24T22:53:55.022440+00:00
modus,,,56.0,2026-04-24T22:53:55.151305+00:00
aluna,True,2026-03-13 00:00:00+00:00,215.0,2026-04-24T22:54:01.079388+00:00
the-synthesis-company,,,65.0,2026-04-24T22:53:57.192106+00:00
substrate,,,62.0,2026-04-24T22:53:57.335704+00:00
benchify,,,61.0,2026-04-24T22:53:58.835712+00:00
taxgpt,,,59.0,2026-04-24T22:53:58.693579+00:00
anthrogen,,,58.0,2026-04-24T22:53:59.031598+00:00
kopra-bio,,,54.0,2026-04-24T22:53:59.314635+00:00
creativemode,,,61.0,2026-04-24T22:54:00.033200+00:00
conveo,,,55.0,2026-04-24T22:54:00.282101+00:00
manaflow,,,61.0,2026-04-24T22:54:00.285438+00:00
saturn,True,2026-02-27 00:00:00+00:00,217.0,2026-04-24T22:54:03.343054+00:00
ontra-mobility,,,66.0,2026-04-24T22:54:01.757277+00:00
expand-ai,,,55.0,2026-04-24T22:54:02.597058+00:00
promi,,,62.0,2026-04-24T22:54:02.256352+00:00
clearly-ai,,,59.0,2026-04-24T22:54:03.335628+00:00
deepsilicon,,,65.0,2026-04-24T22:54:08.282708+00:00
reactwise,,,63.0,2026-04-24T22:54:03.913927+00:00
1849-bio,,,57.0,2026-04-24T22:54:04.719116+00:00
lumenary,False,2025-07-16 00:00:00+00:00,203.0,2026-04-24T22:54:07.176837+00:00
vibe,,,55.0,2026-04-24T22:54:04.825229+00:00
magicode,,,61.0,2026-04-24T22:54:05.102201+00:00
finny-ai,,,61.0,2026-04-24T22:54:04.988657+00:00
hestus-inc,,,58.0,2026-04-24T22:54:06.027191+00:00
planbase,,,66.0,2026-04-24T22:54:06.896724+00:00
seals-ai,,,62.0,2026-04-24T22:54:08.411270+00:00
drillbit,,,107.0,2026-04-24T22:54:07.631185+00:00
pax,True,2026-04-09 00:00:00+00:00,208.0,2026-04-24T22:54:13.770207+00:00
zoa-research,,,60.0,2026-04-24T22:54:03.474192+00:00
autumn-labs,,,63.0,2026-04-24T22:54:11.080338+00:00
anara,,,54.0,2026-04-24T22:54:06.116437+00:00
dimely,True,2026-02-08 00:00:00+00:00,210.0,2026-04-24T22:54:07.003064+00:00
redouble-ai,,,57.0,2026-04-24T22:54:06.906936+00:00
conductor-quantum,,,69.0,2026-04-24T22:54:13.764297+00:00
david-ai,True,2026-03-19 00:00:00+00:00,218.0,2026-04-24T22:54:14.929412+00:00
beebettor,,,58.0,2026-04-24T22:54:14.800135+00:00
mage-legal,,,58.0,2026-04-24T22:54:14.957230+00:00
distro,,,55.0,2026-04-24T22:54:15.216845+00:00
remade,,,134.0,2026-04-24T22:54:15.247338+00:00
winfunc,,,56.0,2026-04-24T22:54:09.938270+00:00
biocartesian,,,65.0,2026-04-24T22:54:09.683525+00:00
zeit-ai,,,57.0,2026-04-24T22:54:16.584065+00:00
opslane,,,56.0,2026-04-24T22:54:11.080267+00:00
emergent,,,56.0,2026-04-24T22:54:17.426165+00:00
kura-ai,,,56.0,2026-04-24T22:54:18.685014+00:00
thunder-compute,,,67.0,2026-04-24T22:54:19.690939+00:00
ember-robotics,,,66.0,2026-04-24T22:54:20.232624+00:00
pinnacle,,,57.0,2026-04-24T22:54:20.587947+00:00
stempad,,,60.0,2026-04-24T22:54:14.213224+00:00
intryc,,,55.0,2026-04-24T22:54:21.722297+00:00
parley,,,54.0,2026-04-24T22:54:23.213614+00:00
mineflow,,,56.0,2026-04-24T22:54:23.858006+00:00
soff,,,52.0,2026-04-24T22:54:23.851040+00:00
schemeflow,,,63.0,2026-04-24T22:54:24.783160+00:00
zettascale,,,52.0,2026-04-24T22:54:25.142964+00:00
praxos,,,57.0,2026-04-24T22:54:25.421387+00:00
presti-ai,,,59.0,2026-04-24T22:54:25.687385+00:00
the-forecasting-company,,,74.0,2026-04-24T22:54:25.686056+00:00
cerulion,,,61.0,2026-04-24T22:54:26.696067+00:00
laminar,,,55.0,2026-04-24T22:54:26.758230+00:00
guardian-rf,,,60.0,2026-04-24T22:54:26.875911+00:00
sensei,True,2026-01-23 00:00:00+00:00,221.0,2026-04-24T22:54:28.017465+00:00
simple-ai,,,61.0,2026-04-24T22:54:28.042392+00:00
refactor,True,2025-12-17 00:00:00+00:00,207.0,2026-04-24T22:54:30.634502+00:00
brighterway,True,2026-02-10 00:00:00+00:00,222.0,2026-04-24T22:54:24.219118+00:00
lilac-labs,False,2025-06-22 00:00:00+00:00,216.0,2026-04-24T22:54:29.846784+00:00
finosu,True,2026-03-11 00:00:00+00:00,213.0,2026-04-24T22:54:34.977247+00:00
baseline-ai,True,2026-02-12 00:00:00+00:00,230.0,2026-04-24T22:54:34.276975+00:00
sonatoria,True,2026-01-23 00:00:00+00:00,211.0,2026-04-24T22:54:31.596970+00:00
heroui,True,2026-04-16 00:00:00+00:00,205.0,2026-04-24T22:54:35.872120+00:00
ai-2,True,2026-02-17 00:00:00+00:00,218.0,2026-04-24T22:54:35.800192+00:00
thyme,True,2026-02-15 00:00:00+00:00,216.0,2026-04-24T22:54:37.059706+00:00
ionworks,True,2025-12-15 00:00:00+00:00,214.0,2026-04-24T22:54:36.848597+00:00
rescript,True,2026-02-18 00:00:00+00:00,208.0,2026-04-24T22:54:36.683310+00:00
riskangle,,,63.0,2026-04-24T22:54:33.566704+00:00
zeropath,True,2026-04-13 00:00:00+00:00,209.0,2026-04-24T22:54:39.646825+00:00
odo,,,56.0,2026-04-24T22:54:34.283575+00:00
palmier,,,59.0,2026-04-24T22:54:28.897500+00:00
haystack-software,,,64.0,2026-04-24T22:54:35.321268+00:00
helium,,,58.0,2026-04-24T22:54:35.809497+00:00
paasa,,,54.0,2026-04-24T22:54:30.821720+00:00
cartage,,,55.0,2026-04-24T22:54:31.058893+00:00
weel,True,2026-03-10 00:00:00+00:00,204.0,2026-04-24T22:54:41.646392+00:00
dataleap,,,57.0,2026-04-24T22:54:38.245572+00:00
handled,,,62.0,2026-04-24T22:54:38.218284+00:00
starcloud,,,63.0,2026-04-24T22:54:38.421067+00:00
leviathan,,,75.0,2026-04-24T22:54:38.538894+00:00
autarc,False,2025-05-24 00:00:00+00:00,224.0,2026-04-24T22:54:43.848370+00:00
entropy,True,2025-12-07 00:00:00+00:00,218.0,2026-04-24T22:54:41.622535+00:00
assembly-hoa,True,2026-03-14 00:00:00+00:00,215.0,2026-04-24T22:54:44.540710+00:00
argil,,,58.0,2026-04-24T22:54:40.971470+00:00
propaya,True,2026-03-14 00:00:00+00:00,215.0,2026-04-24T22:54:41.490858+00:00
vendra,,,67.0,2026-04-24T22:54:41.447768+00:00
kontigo,,,57.0,2026-04-24T22:54:42.193724+00:00
polymet,,,55.0,2026-04-24T22:54:42.213603+00:00
orcaengine,True,2026-03-08 00:00:00+00:00,215.0,2026-04-24T22:54:45.392284+00:00
voker,True,2026-02-14 00:00:00+00:00,201.0,2026-04-24T22:54:47.239785+00:00
sepal-ai,,,107.0,2026-04-24T22:54:44.593526+00:00
elayne,True,2026-04-11 00:00:00+00:00,214.0,2026-04-24T22:54:50.447029+00:00
blaze-2,True,2026-02-13 00:00:00+00:00,207.0,2026-04-24T22:54:50.305704+00:00
typa,,,52.0,2026-04-24T22:54:46.931564+00:00
quetzal,,,60.0,2026-04-24T22:54:46.937639+00:00
rastro,,,54.0,2026-04-24T22:54:47.216141+00:00
tradeflow,,,65.0,2026-04-24T22:54:47.275490+00:00
pap,,,57.0,2026-04-24T22:54:47.644146+00:00
omnidock,,,61.0,2026-04-24T22:54:42.841822+00:00
saldor,True,2026-02-11 00:00:00+00:00,206.0,2026-04-24T22:54:51.003905+00:00
bucket-robotics,,,55.0,2026-04-24T22:54:50.576855+00:00
diode-computers-inc,True,2026-04-09 00:00:00+00:00,217.0,2026-04-24T22:54:52.514448+00:00
surebright,True,2026-03-12 00:00:00+00:00,218.0,2026-04-24T22:54:52.208696+00:00
usul,,,57.0,2026-04-24T22:54:51.560173+00:00
sterling-labs-inc,,,70.0,2026-04-24T22:54:45.517987+00:00
moreta,,,58.0,2026-04-24T22:54:45.647321+00:00
hey-revia,True,2026-04-04 00:00:00+00:00,207.0,2026-04-24T22:54:58.189538+00:00
rentflow,,,64.0,2026-04-24T22:54:47.560867+00:00
dayflow,,,59.0,2026-04-24T22:54:54.416735+00:00
terra-2,,,58.0,2026-04-24T22:54:54.687823+00:00
et-al,True,2026-03-07 00:00:00+00:00,209.0,2026-04-24T22:54:56.916061+00:00
pipeshift,True,2026-03-10 00:00:00+00:00,211.0,2026-04-24T22:54:57.371640+00:00
vera-health,False,2025-07-12 00:00:00+00:00,221.0,2026-04-24T22:54:57.324577+00:00
rowboat-labs,True,2026-04-12 00:00:00+00:00,223.0,2026-04-24T22:54:57.442030+00:00
keet,,,56.0,2026-04-24T22:54:56.829565+00:00
oway,,,61.0,2026-04-24T22:54:50.528867+00:00
pharos,,,59.0,2026-04-24T22:54:57.095689+00:00
ficra,,,54.0,2026-04-24T22:54:57.470625+00:00
formula-insight,False,2025-09-08 00:00:00+00:00,228.0,2026-04-24T22:55:02.424534+00:00
browseros,,,59.0,2026-04-24T22:54:59.997717+00:00
xtraffic,,,58.0,2026-04-24T22:55:00.813068+00:00
anglera,,,61.0,2026-04-24T22:55:01.011655+00:00
void,,,56.0,2026-04-24T22:55:01.997901+00:00
capitol-ai,,,60.0,2026-04-24T22:55:02.051416+00:00
overlap,,,59.0,2026-04-24T22:55:02.164793+00:00
arva-ai,True,2026-03-10 00:00:00+00:00,203.0,2026-04-24T22:55:05.605941+00:00
mica-ai,,,57.0,2026-04-24T22:55:04.041907+00:00
merlin-ai,True,2026-01-17 00:00:00+00:00,215.0,2026-04-24T22:55:06.549865+00:00
patched,,,58.0,2026-04-24T22:55:04.499251+00:00
village-labs,,,61.0,2026-04-24T22:55:04.394001+00:00
affil-ai,,,54.0,2026-04-24T22:55:04.752566+00:00
orgorg,,,55.0,2026-04-24T22:55:04.740414+00:00
henry-2,True,2025-12-08 00:00:00+00:00,208.0,2026-04-24T22:54:59.692198+00:00
freestyle,,,61.0,2026-04-24T22:55:05.609045+00:00
midship,True,2026-03-06 00:00:00+00:00,206.0,2026-04-24T22:55:07.325803+00:00
simcare,,,55.0,2026-04-24T22:55:07.144286+00:00
bits-to-atoms,,,61.0,2026-04-24T22:55:07.472366+00:00
pathpilot,,,66.0,2026-04-24T22:55:07.787082+00:00
syntra,,,59.0,2026-04-24T22:55:09.012475+00:00
stormy-ai,True,2026-03-06 00:00:00+00:00,203.0,2026-04-24T22:55:11.459876+00:00
conductor,,,60.0,2026-04-24T22:55:10.321483+00:00
outerport,,,58.0,2026-04-24T22:55:10.969815+00:00
dreamrp,,,61.0,2026-04-24T22:55:10.886982+00:00
autumn,,,58.0,2026-04-24T22:55:11.881604+00:00
ambral,,,60.0,2026-04-24T22:55:11.957935+00:00
fluidize,,,56.0,2026-04-24T22:55:11.889320+00:00
serafis,,,55.0,2026-04-24T22:55:13.877581+00:00
nixo,,,58.0,2026-04-24T22:55:14.120432+00:00
rid,,,51.0,2026-04-24T22:55:14.178188+00:00
wayline,,,107.0,2026-04-24T22:55:13.567968+00:00
adaptional,,,64.0,2026-04-24T22:55:15.487003+00:00
pingo-ai,,,53.0,2026-04-24T22:55:15.386911+00:00
getasap,,,59.0,2026-04-24T22:55:15.502348+00:00
cactus,,,107.0,2026-04-24T22:55:14.126197+00:00
synthetic-society,,,107.0,2026-04-24T22:55:14.167552+00:00
meteor,,,55.0,2026-04-24T22:55:16.753657+00:00
closera,,,56.0,2026-04-24T22:55:17.434387+00:00
blank-bio,True,2026-03-14 00:00:00+00:00,207.0,2026-04-24T22:55:22.277810+00:00
dedalus-labs,,,64.0,2026-04-24T22:55:18.097144+00:00
acrely,,,58.0,2026-04-24T22:55:18.703641+00:00
the-prompting-company,,,69.0,2026-04-24T22:55:19.463108+00:00
mangodesk,,,63.0,2026-04-24T22:55:19.746512+00:00
lanesurf,True,2026-03-09 00:00:00+00:00,218.0,2026-04-24T22:55:24.532200+00:00
golpo,True,2026-03-12 00:00:00+00:00,220.0,2026-04-24T22:55:25.228650+00:00
shor,True,2026-03-12 00:00:00+00:00,211.0,2026-04-24T22:55:25.702128+00:00
halluminate,,,60.0,2026-04-24T22:55:21.284097+00:00
truthsystems,,,64.0,2026-04-24T22:55:22.252161+00:00
agentmail,,,57.0,2026-04-24T22:55:22.174685+00:00
traceroot-ai,True,2025-12-26 00:00:00+00:00,209.0,2026-04-24T22:55:21.397696+00:00
topological,True,2026-02-13 00:00:00+00:00,223.0,2026-04-24T22:55:28.633831+00:00
astor,,,63.0,2026-04-24T22:55:24.408483+00:00
gitdot,,,59.0,2026-04-24T22:55:24.684001+00:00
liva-ai,,,59.0,2026-04-24T22:55:25.898914+00:00
playgent,,,60.0,2026-04-24T22:55:26.098607+00:00
pond,,,55.0,2026-04-24T22:55:25.821481+00:00
verne-robotics,,,63.0,2026-04-24T22:55:26.419927+00:00
zeroeval,,,57.0,2026-04-24T22:55:27.122250+00:00
contextfort,,,60.0,2026-04-24T22:55:27.820211+00:00
datafruit,,,59.0,2026-04-24T22:55:28.230218+00:00
lark,,,56.0,2026-04-24T22:55:29.050058+00:00
bitrig,,,55.0,2026-04-24T22:55:29.975552+00:00
effigov,,,56.0,2026-04-24T22:55:30.034964+00:00
design-arena,,,64.0,2026-04-24T22:55:30.618425+00:00
lotas,,,57.0,2026-04-24T22:55:30.848849+00:00
monarcha,,,56.0,2026-04-24T22:55:30.984117+00:00
panels,True,2026-02-09 00:00:00+00:00,220.0,2026-04-24T22:55:34.220142+00:00
kestroll,,,,2026-04-24T22:55:41.466490+00:00
overdrive-health,,,61.0,2026-04-24T22:55:31.930621+00:00
cyberdesk,True,2026-02-18 00:00:00+00:00,217.0,2026-04-24T22:55:35.157884+00:00
wafer,True,2026-04-21 00:00:00+00:00,209.0,2026-04-24T22:55:33.816411+00:00
orange-slice,True,2025-12-25 00:00:00+00:00,217.0,2026-04-24T22:55:32.719851+00:00
nuntius,,,59.0,2026-04-24T22:55:32.754182+00:00
qualify-bot,,,61.0,2026-04-24T22:55:34.864019+00:00
deepgrove,True,2026-02-08 00:00:00+00:00,209.0,2026-04-24T22:55:38.729051+00:00
imprezia,,,56.0,2026-04-24T22:55:35.912273+00:00
tryjanet,,,53.0,2026-04-24T22:55:35.900387+00:00
alter,,,56.0,2026-04-24T22:55:36.115857+00:00
skope,,,57.0,2026-04-24T22:55:37.868926+00:00
ondeck-ai,,,107.0,2026-04-24T22:55:37.197603+00:00
proliferate,,,60.0,2026-04-24T22:55:39.259763+00:00
sagekit,,,56.0,2026-04-24T22:55:39.607147+00:00
slashy,True,2026-02-19 00:00:00+00:00,214.0,2026-04-24T22:55:42.743933+00:00
stockline,,,57.0,2026-04-24T22:55:40.092058+00:00
frizzle,True,2026-04-02 00:00:00+00:00,215.0,2026-04-24T22:55:38.021428+00:00
tesora,,,54.0,2026-04-24T22:55:40.577206+00:00
deepaware-ai,,,61.0,2026-04-24T22:55:40.374706+00:00
nexa-labs,True,2026-03-07 00:00:00+00:00,204.0,2026-04-24T22:55:45.046720+00:00
careswift,False,2025-08-17 00:00:00+00:00,220.0,2026-04-24T22:55:41.551573+00:00
pangolin,,,57.0,2026-04-24T22:55:41.466520+00:00
wedge,,,61.0,2026-04-24T22:55:42.074372+00:00
lilac,,,57.0,2026-04-24T22:55:35.907998+00:00
stellon-labs,True,2026-02-10 00:00:00+00:00,216.0,2026-04-24T22:55:46.353100+00:00
bootloop,,,57.0,2026-04-24T22:55:45.131879+00:00
parachute,True,2026-03-06 00:00:00+00:00,221.0,2026-04-24T22:55:46.781838+00:00
kalinda,,,60.0,2026-04-24T22:55:46.353183+00:00
louiza-labs,,,62.0,2026-04-24T22:55:48.521620+00:00
trace-so,True,2026-03-27 00:00:00+00:00,210.0,2026-04-24T22:55:49.959936+00:00
flai,True,2026-03-13 00:00:00+00:00,216.0,2026-04-24T22:55:50.629380+00:00
doe,,,52.0,2026-04-24T22:55:49.121788+00:00
ironledger-ai,,,58.0,2026-04-24T22:55:49.441776+00:00
theinterface,True,2025-11-29 00:00:00+00:00,225.0,2026-04-24T22:55:49.616960+00:00
cocreate,,,56.0,2026-04-24T22:55:42.907481+00:00
fulcrum,True,2026-03-04 00:00:00+00:00,221.0,2026-04-24T22:55:50.401257+00:00
agenthub-2,,,65.0,2026-04-24T22:55:42.941582+00:00
b12-labs,,,58.0,2026-04-24T22:55:50.424600+00:00
embedder,,,61.0,2026-04-24T22:55:50.776770+00:00
candytrail,,,59.0,2026-04-24T22:55:51.112876+00:00
epicenter,,,57.0,2026-04-24T22:55:51.540564+00:00
mimos,True,2025-11-30 00:00:00+00:00,218.0,2026-04-24T22:55:56.324951+00:00
channel3,,,60.0,2026-04-24T22:55:51.800968+00:00
ghosteye,,,56.0,2026-04-24T22:55:51.930089+00:00
novaflow,True,2026-03-08 00:00:00+00:00,224.0,2026-04-24T22:55:59.397188+00:00
normal,,,107.0,2026-04-24T22:55:53.154333+00:00
vibeflow,,,57.0,2026-04-24T22:55:55.339568+00:00
comena,,,54.0,2026-04-24T22:55:55.308580+00:00
nozomio,,,61.0,2026-04-24T22:55:55.803997+00:00
motives,True,2026-04-17 00:00:00+00:00,210.0,2026-04-24T22:56:00.467961+00:00
omnara,True,2026-03-09 00:00:00+00:00,209.0,2026-04-24T22:56:02.044356+00:00
april,True,2026-02-09 00:00:00+00:00,209.0,2026-04-24T22:56:01.602319+00:00
knowlify,False,2025-09-07 00:00:00+00:00,210.0,2026-04-24T22:56:02.011632+00:00
perseus-defense,,,63.0,2026-04-24T22:55:59.396906+00:00
phases,,,54.0,2026-04-24T22:55:59.374957+00:00
hyprnote,,,57.0,2026-04-24T22:55:59.653913+00:00
goriff,,,56.0,2026-04-24T22:55:59.355512+00:00
relling,,,55.0,2026-04-24T22:56:00.073902+00:00
finto-de,,,61.0,2026-04-24T22:56:00.853408+00:00
iron-grid,,,61.0,2026-04-24T22:56:01.423977+00:00
autosana,,,56.0,2026-04-24T22:56:01.995424+00:00
albacore-inc,True,2026-03-14 00:00:00+00:00,217.0,2026-04-24T22:55:59.331796+00:00
manufact,True,2026-04-13 00:00:00+00:00,209.0,2026-04-24T22:55:59.397290+00:00
minimal-ai,True,2026-03-12 00:00:00+00:00,210.0,2026-04-24T22:56:05.595964+00:00
risely-ai,,,59.0,2026-04-24T22:56:05.412874+00:00
alara,,,59.0,2026-04-24T22:56:05.869760+00:00
socratix-ai,,,59.0,2026-04-24T22:56:05.845226+00:00
solva,True,2026-01-31 00:00:00+00:00,227.0,2026-04-24T22:55:59.354798+00:00
floot,,,54.0,2026-04-24T22:56:06.163238+00:00
altur,False,2025-08-09 00:00:00+00:00,205.0,2026-04-24T22:56:09.999738+00:00
metis,True,2026-03-23 00:00:00+00:00,213.0,2026-04-24T22:56:10.570363+00:00
idler,,,54.0,2026-04-24T22:56:06.416885+00:00
pares-ai,True,2026-02-17 00:00:00+00:00,210.0,2026-04-24T22:56:09.971899+00:00
palace,,,58.0,2026-04-24T22:56:08.003612+00:00
humoniq,,,55.0,2026-04-24T22:56:08.495115+00:00
sira,True,2026-02-14 00:00:00+00:00,203.0,2026-04-24T22:56:11.837944+00:00
tryeden,,,55.0,2026-04-24T22:56:10.005167+00:00
avelis-health,,,61.0,2026-04-24T22:56:09.885968+00:00
pleom,True,2026-02-15 00:00:00+00:00,203.0,2026-04-24T22:56:14.477071+00:00
f4,,,52.0,2026-04-24T22:56:11.103728+00:00
notte,True,2026-03-11 00:00:00+00:00,210.0,2026-04-24T22:56:15.965177+00:00
pally,True,2026-03-13 00:00:00+00:00,207.0,2026-04-24T22:56:15.944729+00:00
opennote,,,57.0,2026-04-24T22:56:12.233142+00:00
sigmanticai,,,64.0,2026-04-24T22:56:13.440622+00:00
convexia,,,57.0,2026-04-24T22:56:13.516475+00:00
okibi,True,2026-03-08 00:00:00+00:00,201.0,2026-04-24T22:56:16.949410+00:00
nautilus,True,2026-02-18 00:00:00+00:00,207.0,2026-04-24T22:56:08.500010+00:00
locata,,,66.0,2026-04-24T22:56:15.498978+00:00
hera-video,,,56.0,2026-04-24T22:56:15.983834+00:00
certus-ai,,,63.0,2026-04-24T22:56:16.391501+00:00
reacher,,,60.0,2026-04-24T22:56:16.387055+00:00
kernel,,,58.0,2026-04-24T22:56:16.390528+00:00
dscribe-ai,,,59.0,2026-04-24T22:56:16.598893+00:00
juxta,,,54.0,2026-04-24T22:56:18.469519+00:00
flywheel-ai,,,60.0,2026-04-24T22:56:18.818704+00:00
clodo,,,53.0,2026-04-24T22:56:20.361451+00:00
stagewise,,,57.0,2026-04-24T22:56:20.361375+00:00
magnetic,,,64.0,2026-04-24T22:56:21.145193+00:00
modelence,,,58.0,2026-04-24T22:56:21.259522+00:00
noso-labs,True,2026-03-06 00:00:00+00:00,199.0,2026-04-24T22:56:26.848416+00:00
ruvo,True,2026-04-15 00:00:00+00:00,202.0,2026-04-24T22:56:27.009541+00:00
duranium,,,61.0,2026-04-24T22:56:22.381559+00:00
perspectives-health,,,67.0,2026-04-24T22:56:22.322367+00:00
tectoai,,,58.0,2026-04-24T22:56:22.911006+00:00
spotlight-realty,,,65.0,2026-04-24T22:56:24.493342+00:00
interfere,,,58.0,2026-04-24T22:56:24.452992+00:00
rowflow,,,107.0,2026-04-24T22:56:23.833407+00:00
geo-ai,,,62.0,2026-04-24T22:56:25.994043+00:00
fleetline,,,57.0,2026-04-24T22:56:20.367691+00:00
outrove,True,2026-03-12 00:00:00+00:00,214.0,2026-04-24T22:56:26.867097+00:00
vulcan-technologies,,,65.0,2026-04-24T22:56:26.717176+00:00
veritus,,,60.0,2026-04-24T22:56:26.874888+00:00
avent,,,68.0,2026-04-24T22:56:28.894882+00:00
burnt,,,57.0,2026-04-24T22:56:29.268403+00:00
munify,,,54.0,2026-04-24T22:56:23.835171+00:00
luminal,,,56.0,2026-04-24T22:56:31.010192+00:00
freya,,,59.0,2026-04-24T22:56:31.007347+00:00
realroots,,,64.0,2026-04-24T22:56:31.564975+00:00
uplift-ai,,,58.0,2026-04-24T22:56:31.766758+00:00
blue,,,57.0,2026-04-24T22:56:32.779367+00:00
nox-metals,,,58.0,2026-04-24T22:56:32.802030+00:00
onyx,True,2026-04-07 00:00:00+00:00,206.0,2026-04-24T22:56:35.907687+00:00
f2,,,107.0,2026-04-24T22:56:33.024437+00:00
jo,,,53.0,2026-04-24T22:56:35.019642+00:00
yenmo,,,54.0,2026-04-24T22:56:35.011000+00:00
drymerge,True,2026-04-04 00:00:00+00:00,213.0,2026-04-24T22:56:39.691824+00:00
upsolve-ai,,,56.0,2026-04-24T22:56:37.433649+00:00
lantern-2,,,107.0,2026-04-24T22:56:36.466473+00:00
paloma,,,58.0,2026-04-24T22:56:32.533875+00:00
governgpt,,,63.0,2026-04-24T22:56:33.226329+00:00
driver,True,2026-03-30 00:00:00+00:00,212.0,2026-04-24T22:56:37.390074+00:00
relari,,,58.0,2026-04-24T22:56:40.743651+00:00
tesseral,,,57.0,2026-04-24T22:56:41.503310+00:00
scritch,True,2026-03-10 00:00:00+00:00,219.0,2026-04-24T22:56:42.060128+00:00
stitch-technologies,,,60.0,2026-04-24T22:56:43.360573+00:00
radmate-ai,,,59.0,2026-04-24T22:56:41.577573+00:00
navier-ai,True,2026-03-05 00:00:00+00:00,202.0,2026-04-24T22:56:39.336001+00:00
legora,,,60.0,2026-04-24T22:56:42.181459+00:00
duckie,True,2026-03-12 00:00:00+00:00,208.0,2026-04-24T22:56:46.426166+00:00
event-horizon-labs,True,2026-03-11 00:00:00+00:00,216.0,2026-04-24T22:56:37.431728+00:00
gumloop,,,61.0,2026-04-24T22:56:37.390815+00:00
purplepages,,,67.0,2026-04-24T22:56:44.412337+00:00
greptile,,,61.0,2026-04-24T22:56:45.036740+00:00
happenstance,,,60.0,2026-04-24T22:56:45.249066+00:00
ubicloud,,,61.0,2026-04-24T22:56:45.224080+00:00
precip,True,2026-03-16 00:00:00+00:00,203.0,2026-04-24T22:56:51.193585+00:00
ion-design,,,60.0,2026-04-24T22:56:48.181802+00:00
maihem,,,59.0,2026-04-24T22:56:48.546963+00:00
sonia,True,2026-03-11 00:00:00+00:00,219.0,2026-04-24T22:56:49.639141+00:00
ego,,,54.0,2026-04-24T22:56:43.115763+00:00
kabilah,,,60.0,2026-04-24T22:56:50.543839+00:00
tracecat,,,57.0,2026-04-24T22:56:50.633315+00:00
newton,True,2026-03-06 00:00:00+00:00,213.0,2026-04-24T22:56:54.322662+00:00
alex-com,True,2026-04-01 00:00:00+00:00,205.0,2026-04-24T22:56:55.275083+00:00
quary,False,2025-01-28 00:00:00+00:00,211.0,2026-04-24T22:56:54.666940+00:00
reducto,,,55.0,2026-04-24T22:56:51.889999+00:00
tuesday-lab,,,63.0,2026-04-24T22:56:52.063475+00:00
momentic,,,56.0,2026-04-24T22:56:52.020614+00:00
malibou,False,2024-12-12 00:00:00+00:00,213.0,2026-04-24T22:56:54.755648+00:00
andon-labs,,,107.0,2026-04-24T22:56:51.615647+00:00
tile,,,52.0,2026-04-24T22:56:54.147382+00:00
lumen-payments,,,57.0,2026-04-24T22:56:55.281128+00:00
ncompass-technologies,,,62.0,2026-04-24T22:56:55.319378+00:00
nuanced,True,2026-04-04 00:00:00+00:00,216.0,2026-04-24T22:56:51.482513+00:00
mango-health,False,2025-09-16 00:00:00+00:00,221.0,2026-04-24T22:56:57.922713+00:00
argon-ai-inc,,,62.0,2026-04-24T22:56:57.237212+00:00
maia,,,61.0,2026-04-24T22:56:51.493754+00:00
pivot-robotics,True,2026-03-08 00:00:00+00:00,223.0,2026-04-24T22:57:00.286449+00:00
buster,,,53.0,2026-04-24T22:56:59.427812+00:00
dgi-apparel,,,64.0,2026-04-24T22:56:59.608007+00:00
aidy,,,60.0,2026-04-24T22:57:00.271675+00:00
agentic-labs-2,,,60.0,2026-04-24T22:57:01.605046+00:00
carousel-technologies,,,60.0,2026-04-24T22:57:01.922129+00:00
basalt,,,58.0,2026-04-24T22:57:02.380194+00:00
leaping,,,60.0,2026-04-24T22:57:02.510389+00:00
mathdash,,,57.0,2026-04-24T22:57:02.673655+00:00
assembly-2,,,65.0,2026-04-24T22:57:03.389114+00:00
avery,,,58.0,2026-04-24T22:57:03.630135+00:00
garage-2,,,64.0,2026-04-24T22:56:58.140924+00:00
patchwork,,,61.0,2026-04-24T22:57:04.672252+00:00
pointone,,,58.0,2026-04-24T22:57:05.619334+00:00
arini,,,57.0,2026-04-24T22:57:07.061567+00:00
furtherai,,,63.0,2026-04-24T22:57:07.170695+00:00
paradigm,,,107.0,2026-04-24T22:57:05.645350+00:00
fractal-labs,,,61.0,2026-04-24T22:57:00.791974+00:00
roe,,,54.0,2026-04-24T22:57:07.279851+00:00
octolane-ai,,,61.0,2026-04-24T22:57:09.205472+00:00
eggnog,,,58.0,2026-04-24T22:57:10.218857+00:00
greenboard,,,63.0,2026-04-24T22:57:10.726881+00:00
verse-therapy,True,2026-02-11 00:00:00+00:00,217.0,2026-04-24T22:57:12.742894+00:00
artisan,,,107.0,2026-04-24T22:57:09.680295+00:00
tokenowl,True,2026-03-12 00:00:00+00:00,211.0,2026-04-24T22:57:12.926861+00:00
topo,,,57.0,2026-04-24T22:57:12.718132+00:00
yoneda-labs,,,63.0,2026-04-24T22:57:13.869248+00:00
synsorybio,,,64.0,2026-04-24T22:57:14.122129+00:00
ecliptor,True,2026-03-11 00:00:00+00:00,211.0,2026-04-24T22:57:12.103120+00:00
copper-health,,,65.0,2026-04-24T22:57:14.971056+00:00
trellis-ai,True,2026-03-13 00:00:00+00:00,214.0,2026-04-24T22:57:12.393513+00:00
suretynow,,,59.0,2026-04-24T22:57:08.255619+00:00
blume-benefits,,,67.0,2026-04-24T22:57:15.166836+00:00
attunement,True,2026-03-11 00:00:00+00:00,210.0,2026-04-24T22:57:20.734840+00:00
partnerhq,,,61.0,2026-04-24T22:57:17.289309+00:00
tusk,,,55.0,2026-04-24T22:57:17.331377+00:00
engines,,,56.0,2026-04-24T22:57:17.651296+00:00
celest,True,2025-11-29 00:00:00+00:00,209.0,2026-04-24T22:57:22.083040+00:00
meticulate,,,59.0,2026-04-24T22:57:21.433756+00:00
atopile,,,54.0,2026-04-24T22:57:16.077319+00:00
starjar,False,2025-09-17 00:00:00+00:00,214.0,2026-04-24T22:57:21.279519+00:00
glimmer,,,65.0,2026-04-24T22:57:23.127372+00:00
onegrep,,,60.0,2026-04-24T22:57:17.755200+00:00
zaymo,,,54.0,2026-04-24T22:57:24.480229+00:00
selera-medical,,,65.0,2026-04-24T22:57:17.769438+00:00
promptarmor,,,61.0,2026-04-24T22:57:24.744351+00:00
keywords-ai,,,58.0,2026-04-24T22:57:25.272888+00:00
guide-labs,,,62.0,2026-04-24T22:57:25.331778+00:00
cpgscout,True,2026-03-09 00:00:00+00:00,208.0,2026-04-24T22:57:28.002101+00:00
speck,,,53.0,2026-04-24T22:57:25.493777+00:00
trypillar,,,59.0,2026-04-24T22:57:25.616989+00:00
lucite,,,59.0,2026-04-24T22:57:19.592362+00:00
cloudcruise,,,60.0,2026-04-24T22:57:20.972016+00:00
toolify,,,55.0,2026-04-24T22:57:27.759794+00:00
decipher-ai,,,60.0,2026-04-24T22:57:27.676310+00:00
lemonslice,,,107.0,2026-04-24T22:57:27.152162+00:00
consul,,,57.0,2026-04-24T22:57:30.581703+00:00
omniai,,,55.0,2026-04-24T22:57:25.325866+00:00
resonance,True,2026-03-05 00:00:00+00:00,226.0,2026-04-24T22:57:35.910832+00:00
phospho,True,2026-02-26 00:00:00+00:00,205.0,2026-04-24T22:57:36.663343+00:00
tamarind-bio,,,61.0,2026-04-24T22:57:33.142382+00:00
inquery-2,,,60.0,2026-04-24T22:57:33.572389+00:00
14-ai,,,50.0,2026-04-24T22:57:33.507999+00:00
infinity,,,64.0,2026-04-24T22:57:34.662631+00:00
pandasai,,,58.0,2026-04-24T22:57:34.859354+00:00
sync-2,,,53.0,2026-04-24T22:57:34.867515+00:00
vibrant-labs,,,61.0,2026-04-24T22:57:35.196699+00:00
aether,,,62.0,2026-04-24T22:57:35.651733+00:00
firebender,,,59.0,2026-04-24T22:57:35.661656+00:00
crmcopilot,,,76.0,2026-04-24T22:57:35.919917+00:00
parallel,,,108.0,2026-04-24T22:57:35.596349+00:00
open,True,2026-02-18 00:00:00+00:00,203.0,2026-04-24T22:57:39.318502+00:00
centralize,,,67.0,2026-04-24T22:57:37.963065+00:00
aedilic,,,62.0,2026-04-24T22:57:38.060305+00:00
clarion,True,2026-03-08 00:00:00+00:00,223.0,2026-04-24T22:57:32.039454+00:00
ellipsis,True,2026-04-04 00:00:00+00:00,213.0,2026-04-24T22:57:43.489171+00:00
draftaid,True,2026-03-06 00:00:00+00:00,208.0,2026-04-24T22:57:43.817863+00:00
metofico,True,2025-12-07 00:00:00+00:00,214.0,2026-04-24T22:57:43.810957+00:00
sagaland,,,56.0,2026-04-24T22:57:45.642560+00:00
wuri,,,57.0,2026-04-24T22:57:41.210831+00:00
pythagora,,,58.0,2026-04-24T22:57:42.617379+00:00
solari-ai,,,62.0,2026-04-24T22:57:42.888092+00:00
dime-2,,,63.0,2026-04-24T22:57:43.326910+00:00
tensorfuse,True,2026-03-10 00:00:00+00:00,216.0,2026-04-24T22:57:48.236722+00:00
astro-mechanica,True,2026-04-10 00:00:00+00:00,216.0,2026-04-24T22:57:45.264600+00:00
salvy,,,61.0,2026-04-24T22:57:38.045291+00:00
browser-buddy,True,2026-03-02 00:00:00+00:00,226.0,2026-04-24T22:57:45.302590+00:00
elodin,True,2026-03-11 00:00:00+00:00,218.0,2026-04-24T22:57:48.953371+00:00
codeant-ai,,,56.0,2026-04-24T22:57:45.258610+00:00
bilanc,,,58.0,2026-04-24T22:57:45.773545+00:00
superagent,,,59.0,2026-04-24T22:57:46.041965+00:00
preloop,,,60.0,2026-04-24T22:57:46.073889+00:00
carma,,,63.0,2026-04-24T22:57:46.084503+00:00
toma,,,57.0,2026-04-24T22:57:46.577686+00:00
aftercare,True,2026-02-09 00:00:00+00:00,221.0,2026-04-24T22:57:49.828634+00:00
trieve,,,54.0,2026-04-24T22:57:48.344704+00:00
conduit-ai,,,120.0,2026-04-24T22:57:48.761941+00:00
soundry-ai,,,56.0,2026-04-24T22:57:49.231037+00:00
offdeal,True,2026-02-09 00:00:00+00:00,205.0,2026-04-24T22:57:53.272294+00:00
opencall-ai,True,2026-03-09 00:00:00+00:00,207.0,2026-04-24T22:57:54.214358+00:00
shiboleth,,,62.0,2026-04-24T22:57:50.254802+00:00
edgetrace,True,2026-03-24 00:00:00+00:00,209.0,2026-04-24T22:57:55.094155+00:00
chunkr,True,2026-03-06 00:00:00+00:00,208.0,2026-04-24T22:57:55.495768+00:00
hazel-2,,,56.0,2026-04-24T22:57:51.447791+00:00
delve,True,2025-12-04 00:00:00+00:00,298.0,2026-04-24T22:57:53.116858+00:00
yondu,True,2026-03-08 00:00:00+00:00,206.0,2026-04-24T22:57:55.910552+00:00
raindrop,True,2026-04-04 00:00:00+00:00,215.0,2026-04-24T22:57:55.565277+00:00
dianahr,False,2024-01-02 00:00:00+00:00,207.0,2026-04-24T22:57:58.086805+00:00
clarum,,,54.0,2026-04-24T22:57:54.448524+00:00
betterbasket,True,2026-03-12 00:00:00+00:00,220.0,2026-04-24T22:58:00.237817+00:00
manifold-freight,,,69.0,2026-04-24T22:57:55.163643+00:00
prosights,,,58.0,2026-04-24T22:57:55.340908+00:00
centauri-ai,,,61.0,2026-04-24T22:57:55.425295+00:00
abel,True,2025-12-05 00:00:00+00:00,215.0,2026-04-24T22:57:53.635864+00:00
heartbyte,,,61.0,2026-04-24T22:57:57.794159+00:00
voicepanel,True,2026-04-04 00:00:00+00:00,217.0,2026-04-24T22:57:54.145862+00:00
risotto,,,59.0,2026-04-24T22:57:58.913999+00:00
justai,,,55.0,2026-04-24T22:57:59.130214+00:00
circleback,,,58.0,2026-04-24T22:57:59.433859+00:00
andy-ai,,,58.0,2026-04-24T22:57:53.036518+00:00
lumetric,True,2026-03-14 00:00:00+00:00,215.0,2026-04-24T22:58:05.005439+00:00
model-ml,,,61.0,2026-04-24T22:58:00.637874+00:00
artos,,,61.0,2026-04-24T22:58:01.165048+00:00
oma-care,,,60.0,2026-04-24T22:58:01.456491+00:00
cleva,,,61.0,2026-04-24T22:58:01.580817+00:00
thorntale,True,2026-02-11 00:00:00+00:00,215.0,2026-04-24T22:58:05.580625+00:00
openmart,True,2026-04-04 00:00:00+00:00,217.0,2026-04-24T22:58:05.928723+00:00
triply,True,2026-03-12 00:00:00+00:00,222.0,2026-04-24T22:58:05.910369+00:00
deep24,,,54.0,2026-04-24T22:58:05.762618+00:00
givefront,,,58.0,2026-04-24T22:58:02.443340+00:00
alai,True,2026-02-27 00:00:00+00:00,207.0,2026-04-24T22:58:05.348734+00:00
focal,True,2026-03-14 00:00:00+00:00,207.0,2026-04-24T22:58:02.519811+00:00
brainbase-labs,,,62.0,2026-04-24T22:58:03.476677+00:00
sample,,,57.0,2026-04-24T22:58:04.591749+00:00
sonauto,,,56.0,2026-04-24T22:58:08.955428+00:00
zep-ai,True,2026-03-28 00:00:00+00:00,214.0,2026-04-24T22:58:08.071858+00:00
downlink,False,2025-09-17 00:00:00+00:00,210.0,2026-04-24T22:58:10.800020+00:00
terrakotta,True,2026-03-10 00:00:00+00:00,220.0,2026-04-24T22:58:10.385524+00:00
bitesight,True,2026-03-11 00:00:00+00:00,214.0,2026-04-24T22:58:08.840390+00:00
retell-ai,True,2026-04-19 00:00:00+00:00,213.0,2026-04-24T22:58:10.966241+00:00
velorum-therapeutics,,,63.0,2026-04-24T22:58:08.703829+00:00
hatchet-run,,,56.0,2026-04-24T22:58:09.375900+00:00
shepherd-2,,,63.0,2026-04-24T22:58:09.368283+00:00
stacksync,,,63.0,2026-04-24T22:58:10.205223+00:00
rove,,,56.0,2026-04-24T22:58:10.961192+00:00
basepilot,True,2026-03-08 00:00:00+00:00,220.0,2026-04-24T22:58:14.312991+00:00
spark,,,59.0,2026-04-24T22:58:10.836464+00:00
camelai,,,57.0,2026-04-24T22:58:10.918453+00:00
ocular-ai,,,58.0,2026-04-24T22:58:11.073970+00:00
adapted,,,56.0,2026-04-24T22:58:11.271776+00:00
deepnight,,,62.0,2026-04-24T22:58:11.789676+00:00
vista-power,,,59.0,2026-04-24T22:58:11.777253+00:00
xpay,,,66.0,2026-04-24T22:58:12.073407+00:00
fileforge,,,63.0,2026-04-24T22:58:12.853253+00:00
aqua-voice,,,58.0,2026-04-24T22:58:14.308343+00:00
veles,True,2026-03-07 00:00:00+00:00,216.0,2026-04-24T22:58:16.704016+00:00
fluently,,,61.0,2026-04-24T22:58:15.043137+00:00
miden,,,56.0,2026-04-24T22:58:16.114172+00:00
penciled,True,2026-03-12 00:00:00+00:00,213.0,2026-04-24T22:58:20.584626+00:00
powder,True,2026-03-11 00:00:00+00:00,218.0,2026-04-24T22:58:20.891322+00:00
commodityai,,,60.0,2026-04-24T22:58:17.323746+00:00
marblism,,,57.0,2026-04-24T22:58:17.513894+00:00
datacurve,,,58.0,2026-04-24T22:58:17.916019+00:00
lumona,,,58.0,2026-04-24T22:58:19.161038+00:00
ryse,,,64.0,2026-04-24T22:58:19.175760+00:00
magic-hour,,,57.0,2026-04-24T22:58:20.174463+00:00
arcane,,,64.0,2026-04-24T22:58:20.590336+00:00
polar,,,60.0,2026-04-24T22:58:20.618282+00:00
openfoundry,,,64.0,2026-04-24T22:58:20.780145+00:00
reform,True,2026-03-10 00:00:00+00:00,217.0,2026-04-24T22:58:24.656845+00:00
eris-biotech,,,59.0,2026-04-24T22:58:21.390252+00:00
oddsview,,,57.0,2026-04-24T22:58:22.219217+00:00
senso,,,56.0,2026-04-24T22:58:22.205458+00:00
silogy,,,54.0,2026-04-24T22:58:22.219041+00:00
junction-bioscience,,,62.0,2026-04-24T22:58:22.621529+00:00
cocrafter,,,59.0,2026-04-24T22:58:24.843162+00:00
piramidal,,,107.0,2026-04-24T22:58:23.658870+00:00
healia,,,66.0,2026-04-24T22:58:26.725529+00:00
trueclaim,,,65.0,2026-04-24T22:58:26.641489+00:00
haplotype-labs,,,67.0,2026-04-24T22:58:27.075358+00:00
dragoneye,True,2025-12-10 00:00:00+00:00,214.0,2026-04-24T22:58:31.168878+00:00
tower,True,2026-03-14 00:00:00+00:00,215.0,2026-04-24T22:58:31.610373+00:00
granza-bio,,,63.0,2026-04-24T22:58:27.525881+00:00
voxops-ai,,,62.0,2026-04-24T22:58:27.907643+00:00
integuru,,,60.0,2026-04-24T22:58:28.074751+00:00
quivr,,,59.0,2026-04-24T22:58:31.234141+00:00
mathos,,,60.0,2026-04-24T22:58:31.800083+00:00
kater-ai,,,57.0,2026-04-24T22:58:32.360883+00:00
crowdvolt,,,59.0,2026-04-24T22:58:32.382416+00:00
yarn-2,,,56.0,2026-04-24T22:58:32.749228+00:00
blacksmith,,,59.0,2026-04-24T22:58:32.743090+00:00
getcrux,True,2025-11-30 00:00:00+00:00,209.0,2026-04-24T22:58:37.177040+00:00
dropback,True,2026-03-07 00:00:00+00:00,217.0,2026-04-24T22:58:37.816059+00:00
reprompt,,,59.0,2026-04-24T22:58:35.627004+00:00
the-new-money-company,,,64.0,2026-04-24T22:58:29.710987+00:00
forge,,,61.0,2026-04-24T22:58:29.692630+00:00
fume,,,56.0,2026-04-24T22:58:30.491102+00:00
nowhouse,,,60.0,2026-04-24T22:58:37.275007+00:00
renderlet,,,57.0,2026-04-24T22:58:30.934836+00:00
same,,,53.0,2026-04-24T22:58:37.407376+00:00
retailready,,,67.0,2026-04-24T22:58:37.814178+00:00
forge-rewards,,,63.0,2026-04-24T22:58:37.852187+00:00
marr-labs,,,62.0,2026-04-24T22:58:37.938807+00:00
k-scale-labs,,,56.0,2026-04-24T22:58:38.127092+00:00
indemni,True,2026-03-05 00:00:00+00:00,214.0,2026-04-24T22:58:42.097831+00:00
overstand-labs,True,2026-03-08 00:00:00+00:00,223.0,2026-04-24T22:58:42.569854+00:00
onlook,True,2026-04-03 00:00:00+00:00,210.0,2026-04-24T22:58:46.017059+00:00
parcelbio,,,59.0,2026-04-24T22:58:41.587081+00:00
inspectmind-ai,,,63.0,2026-04-24T22:58:35.305819+00:00
youshift,,,63.0,2026-04-24T22:58:42.620286+00:00
uncommon-therapeutics,,,69.0,2026-04-24T22:58:42.756153+00:00
revise-robotics,True,2026-03-06 00:00:00+00:00,230.0,2026-04-24T22:58:47.591501+00:00
leaping-ai,True,2026-01-13 00:00:00+00:00,215.0,2026-04-24T22:58:48.358252+00:00
exin-therapeutics,,,107.0,2026-04-24T22:58:44.188364+00:00
delineate,,,59.0,2026-04-24T22:58:45.709555+00:00
candor,True,2026-01-18 00:00:00+00:00,217.0,2026-04-24T22:58:47.997269+00:00
invo,,,61.0,2026-04-24T22:58:46.338480+00:00
quantstruct,,,60.0,2026-04-24T22:58:47.106081+00:00
edexia,,,60.0,2026-04-24T22:58:47.241653+00:00
enhanced-radar,,,67.0,2026-04-24T22:58:47.503350+00:00
trace,,,55.0,2026-04-24T22:58:47.605071+00:00
bild-ai,,,56.0,2026-04-24T22:58:47.643159+00:00
vetnio,,,56.0,2026-04-24T22:58:48.047518+00:00
steinmetz,True,2026-02-13 00:00:00+00:00,224.0,2026-04-24T22:58:53.235784+00:00
axiom,True,2026-03-05 00:00:00+00:00,207.0,2026-04-24T22:58:53.382170+00:00
tweeksio,True,2026-04-23 00:00:00+00:00,207.0,2026-04-24T22:58:51.285848+00:00
egress-health,,,58.0,2026-04-24T22:58:42.523932+00:00
flowtel,,,55.0,2026-04-24T22:58:49.265924+00:00
excellence-learning,,,63.0,2026-04-24T22:58:51.964206+00:00
praxim,,,59.0,2026-04-24T22:58:52.125115+00:00
dollyglot,True,2026-01-15 00:00:00+00:00,220.0,2026-04-24T22:58:56.917043+00:00
hey-telo,,,60.0,2026-04-24T22:58:52.144706+00:00
subimage,,,56.0,2026-04-24T22:58:53.067263+00:00
karoo,True,2026-03-10 00:00:00+00:00,209.0,2026-04-24T22:58:57.493645+00:00
alice-tech,True,2026-03-08 00:00:00+00:00,214.0,2026-04-24T22:58:56.894883+00:00
orchids,,,61.0,2026-04-24T22:58:54.789320+00:00
vocality-health,True,2026-03-13 00:00:00+00:00,229.0,2026-04-24T22:58:57.778708+00:00
splash-inc,,,57.0,2026-04-24T22:58:55.778597+00:00
stamp,,,62.0,2026-04-24T22:58:56.252992+00:00
awen,,,57.0,2026-04-24T22:58:57.461076+00:00
scout-4,True,2026-03-11 00:00:00+00:00,228.0,2026-04-24T22:58:58.668977+00:00
dartboard-energy,,,64.0,2026-04-24T22:58:57.543259+00:00
astro,,,64.0,2026-04-24T22:58:57.665245+00:00
ovlo,True,2026-03-09 00:00:00+00:00,203.0,2026-04-24T22:59:02.365199+00:00
toothy-ai,True,2026-02-15 00:00:00+00:00,208.0,2026-04-24T22:59:03.000276+00:00
promptless,,,59.0,2026-04-24T22:58:58.686607+00:00
conntour,,,62.0,2026-04-24T22:58:59.421700+00:00
closure,,,63.0,2026-04-24T22:58:59.237305+00:00
superglue,,,58.0,2026-04-24T22:58:59.563776+00:00
sublingual,True,2025-11-29 00:00:00+00:00,212.0,2026-04-24T22:59:02.398035+00:00
truffle-ai,,,63.0,2026-04-24T22:59:02.361993+00:00
rocketable,,,63.0,2026-04-24T22:59:02.563428+00:00
contrario,,,57.0,2026-04-24T22:59:02.398008+00:00
verbiflow,,,58.0,2026-04-24T22:59:03.747671+00:00
a1base,,,60.0,2026-04-24T22:59:04.085036+00:00
subtrace,,,57.0,2026-04-24T22:58:58.309589+00:00
altrina,,,56.0,2026-04-24T22:59:04.804521+00:00
a0-dev,True,2026-03-11 00:00:00+00:00,197.0,2026-04-24T22:59:05.375921+00:00
maritime-fusion,,,63.0,2026-04-24T22:59:05.780029+00:00
trava,,,62.0,2026-04-24T22:59:07.300362+00:00
tejas-ai,,,61.0,2026-04-24T22:59:07.338549+00:00
tergle,True,2026-02-17 00:00:00+00:00,205.0,2026-04-24T22:59:11.983300+00:00
adam,True,2026-04-17 00:00:00+00:00,202.0,2026-04-24T22:59:09.454536+00:00
deployparagon,,,63.0,2026-04-24T22:59:09.208947+00:00
carecycle,,,61.0,2026-04-24T22:59:09.357975+00:00
rally-3,,,62.0,2026-04-24T22:59:09.477900+00:00
inversion-semiconductor,,,66.0,2026-04-24T22:59:09.421242+00:00
trim,True,2025-11-28 00:00:00+00:00,217.0,2026-04-24T22:59:12.071099+00:00
cardamon,True,2026-03-14 00:00:00+00:00,208.0,2026-04-24T22:59:13.305228+00:00
cifrato,True,2026-03-06 00:00:00+00:00,205.0,2026-04-24T22:59:15.178787+00:00
bezel,,,62.0,2026-04-24T22:59:13.426156+00:00
weave-3,,,58.0,2026-04-24T22:59:07.713124+00:00
maive,,,53.0,2026-04-24T22:59:07.724006+00:00
zeroentropy,,,64.0,2026-04-24T22:59:14.470792+00:00
salespatriot,,,66.0,2026-04-24T22:59:07.793887+00:00
caseflood-ai,,,57.0,2026-04-24T22:59:07.696415+00:00
oki,,,69.0,2026-04-24T22:59:14.529204+00:00
healthkey,True,2025-12-05 00:00:00+00:00,218.0,2026-04-24T22:59:18.717871+00:00
gradewiz,True,2026-03-10 00:00:00+00:00,216.0,2026-04-24T22:59:19.519910+00:00
cuckoo-labs,True,2026-03-23 00:00:00+00:00,212.0,2026-04-24T22:59:19.694659+00:00
mosaic-2,,,54.0,2026-04-24T22:59:16.036100+00:00
pax-markets,True,2026-02-12 00:00:00+00:00,208.0,2026-04-24T22:59:21.628788+00:00
osmosis,,,56.0,2026-04-24T22:59:17.843228+00:00
olive,True,2026-01-16 00:00:00+00:00,211.0,2026-04-24T22:59:20.353561+00:00
operand,,,61.0,2026-04-24T22:59:17.901767+00:00
finbar,True,2025-11-28 00:00:00+00:00,205.0,2026-04-24T22:59:19.776455+00:00
amby-health,,,56.0,2026-04-24T22:59:12.097500+00:00
pave-robotics,True,2026-03-09 00:00:00+00:00,219.0,2026-04-24T22:59:23.641764+00:00
gale,True,2026-02-14 00:00:00+00:00,209.0,2026-04-24T22:59:24.379230+00:00
mecha-health,,,65.0,2026-04-24T22:59:19.667734+00:00
harbera,True,2026-01-18 00:00:00+00:00,212.0,2026-04-24T22:59:25.229649+00:00
hud,,,55.0,2026-04-24T22:59:20.260200+00:00
lopus-ai,True,2026-02-13 00:00:00+00:00,201.0,2026-04-24T22:59:26.582624+00:00
cenote,True,2026-04-14 00:00:00+00:00,222.0,2026-04-24T22:59:25.408305+00:00
strike,False,2025-07-10 00:00:00+00:00,218.0,2026-04-24T22:59:28.141598+00:00
swerve,,,63.0,2026-04-24T22:59:17.647599+00:00
asteroid,,,56.0,2026-04-24T22:59:24.688882+00:00
lucid,,,53.0,2026-04-24T22:59:24.811700+00:00
bindwell,,,61.0,2026-04-24T22:59:24.923611+00:00
macadamia,,,62.0,2026-04-24T22:59:24.700648+00:00
pickle-2,,,59.0,2026-04-24T22:59:24.822544+00:00
stillwind,,,57.0,2026-04-24T22:59:24.924413+00:00
solidroad,True,2026-03-08 00:00:00+00:00,215.0,2026-04-24T22:59:29.748644+00:00
athenahq,,,60.0,2026-04-24T22:59:28.006493+00:00
mundo-ai,,,58.0,2026-04-24T22:59:28.239853+00:00
g-lnk,,,56.0,2026-04-24T22:59:28.237476+00:00
lucidic-ai,,,55.0,2026-04-24T22:59:28.738434+00:00
trata,,,62.0,2026-04-24T22:59:29.222997+00:00
haleum,,,55.0,2026-04-24T22:59:29.181255+00:00
general-trajectory,,,71.0,2026-04-24T22:59:29.993001+00:00
rejot,,,54.0,2026-04-24T22:59:30.241300+00:00
agentin-ai,,,59.0,2026-04-24T22:59:30.788890+00:00
bystreet,,,60.0,2026-04-24T22:59:31.417094+00:00
waypoint-transit,,,64.0,2026-04-24T22:59:32.251876+00:00
riviera,,,64.0,2026-04-24T22:59:32.682913+00:00
confident-ai,,,61.0,2026-04-24T22:59:34.157812+00:00
karsa,,,57.0,2026-04-24T22:59:34.557767+00:00
exla,,,53.0,2026-04-24T22:59:34.537761+00:00
harper,,,66.0,2026-04-24T22:59:34.796462+00:00
nitrode,,,60.0,2026-04-24T22:59:34.713198+00:00
calltree,,,56.0,2026-04-24T22:59:34.715981+00:00
tire-swing,,,61.0,2026-04-24T22:59:35.125629+00:00
outlit,,,55.0,2026-04-24T22:59:35.299069+00:00
peppr-ai,True,2026-02-12 00:00:00+00:00,216.0,2026-04-24T22:59:39.134357+00:00
openintake,True,2026-03-14 00:00:00+00:00,220.0,2026-04-24T22:59:39.165868+00:00
sennu-ai,True,2026-03-14 00:00:00+00:00,205.0,2026-04-24T22:59:37.738280+00:00
infinite,True,2026-04-22 00:00:00+00:00,209.0,2026-04-24T22:59:39.102031+00:00
orbital-operations,,,65.0,2026-04-24T22:59:37.357113+00:00
artificial-societies,,,57.0,2026-04-24T22:59:39.753749+00:00
miyagi-labs,,,58.0,2026-04-24T22:59:39.934142+00:00
fuseai,,,56.0,2026-04-24T22:59:40.385919+00:00
misprint,,,61.0,2026-04-24T22:59:41.734115+00:00
mesh-2,,,59.0,2026-04-24T22:59:37.253243+00:00
archon,,,55.0,2026-04-24T22:59:44.618805+00:00
retrofit,,,63.0,2026-04-24T22:59:44.619937+00:00
optifye-ai,,,59.0,2026-04-24T22:59:44.653466+00:00
permitify,,,58.0,2026-04-24T22:59:44.852220+00:00
forge-automation,,,67.0,2026-04-24T22:59:44.607812+00:00
reditus-space,,,63.0,2026-04-24T22:59:44.795414+00:00
wildcard,,,57.0,2026-04-24T22:59:44.853416+00:00
pinch,,,59.0,2026-04-24T22:59:44.651952+00:00
corsair,,,60.0,2026-04-24T22:59:44.971384+00:00
proception-inc,,,59.0,2026-04-24T22:59:45.046996+00:00
dalus,True,2026-04-02 00:00:00+00:00,205.0,2026-04-24T22:59:49.920717+00:00
spott,,,53.0,2026-04-24T22:59:46.191460+00:00
afterquery,True,2026-04-14 00:00:00+00:00,217.0,2026-04-24T22:59:42.485812+00:00
roark,True,2026-03-06 00:00:00+00:00,201.0,2026-04-24T22:59:49.897351+00:00
tensorpool,True,2026-03-27 00:00:00+00:00,213.0,2026-04-24T22:59:50.684211+00:00
mastra,True,2026-04-11 00:00:00+00:00,203.0,2026-04-24T22:59:42.890901+00:00
browser-use,True,2026-04-19 00:00:00+00:00,215.0,2026-04-24T22:59:54.999415+00:00
mercura,True,2026-03-13 00:00:00+00:00,213.0,2026-04-24T22:59:55.095516+00:00
lightbox,True,2026-03-09 00:00:00+00:00,216.0,2026-04-24T22:59:55.080302+00:00
rebolt,True,2026-03-11 00:00:00+00:00,207.0,2026-04-24T22:59:47.579533+00:00
sammy-labs,True,2026-02-12 00:00:00+00:00,219.0,2026-04-24T22:59:55.462072+00:00
bluebook,,,60.0,2026-04-24T22:59:52.050866+00:00
tamlabs,True,2026-03-07 00:00:00+00:00,209.0,2026-04-24T22:59:54.965502+00:00
woz,,,57.0,2026-04-24T22:59:45.967543+00:00
ergo,True,2026-03-05 00:00:00+00:00,209.0,2026-04-24T22:59:54.931497+00:00
trycandid,True,2026-03-12 00:00:00+00:00,211.0,2026-04-24T22:59:55.894528+00:00
butter,,,55.0,2026-04-24T22:59:54.318381+00:00
paratus-health,,,63.0,2026-04-24T22:59:54.874450+00:00
copycat,,,59.0,2026-04-24T22:59:54.920595+00:00
cedar,,,65.0,2026-04-24T22:59:55.057877+00:00
instinct,,,68.0,2026-04-24T22:59:55.397615+00:00
thirdlayer,,,56.0,2026-04-24T22:59:57.288066+00:00
axal,,,57.0,2026-04-24T22:59:59.319964+00:00
artifact-2,,,67.0,2026-04-24T22:59:59.702883+00:00
assistant-ui,,,61.0,2026-04-24T22:59:59.961817+00:00
vantel,,,56.0,2026-04-24T23:00:01.086551+00:00
mentra,,,57.0,2026-04-24T23:00:02.292198+00:00
red-barn-robotics,,,68.0,2026-04-24T23:00:02.381894+00:00
fira,True,2026-03-12 00:00:00+00:00,218.0,2026-04-24T23:00:00.604558+00:00
trainloop,,,56.0,2026-04-24T22:59:56.813971+00:00
blindpay,,,58.0,2026-04-24T23:00:01.226733+00:00
